name,state,district
Suraksha Contractors,Kerala,Kollam
Prime Infra Pvt Ltd 160,Uttar Pradesh,Varanasi
National Associates,Rajasthan,Jaipur
Krishna Contractors 116,Assam,Jorhat
Suraksha Infra Pvt Ltd,Karnataka,Mangaluru
Regional Enterprises,Maharashtra,Nagpur
Sai Builders,Tamil Nadu,Chennai
Reliable Builders,Rajasthan,Alwar
Apex Engineering Works 1,Uttar Pradesh,Lucknow
Metro Infra Pvt Ltd,Gujarat,Bhavnagar
Krishna Engineering Works 190,Madhya Pradesh,Sagar
Vishwakarma Associates,Gujarat,Ahmedabad
Progressive Developers,Punjab,Ludhiana
Sanskar Contractors,Madhya Pradesh,Rewa
United Associates 229,Delhi,New Delhi
City Enterprises 218,Madhya Pradesh,Gwalior
Reliable Projects Pvt Ltd,Telangana,Nalgonda
Vikas Builders 88,Odisha,Ganjam
Sai Enterprises 130,Kerala,Kannur
City Developers,West Bengal,Nadia
Bharat Infra Pvt Ltd 40,Delhi,East Delhi
Sunrise Infrastructure Ltd,Madhya Pradesh,Rewa
Trust Infrastructure Ltd 114,West Bengal,Darjeeling
City Constructions 78,Tamil Nadu,Erode
Suraksha Infrastructure Ltd,Nagaland,Mokokchung
Sanskar Projects Pvt Ltd 182,Telangana,Warangal
Progressive Builders,Telangana,Khammam
Himalaya Projects Pvt Ltd 49,Karnataka,Belagavi
Shree Developers,Assam,Nagaon
National Infra Pvt Ltd,Punjab,Amritsar
Trust Developers 208,Delhi,North Delhi
Ganga Associates,Gujarat,Junagadh
Ganga Constructions 86,West Bengal,Darjeeling
Reliable Projects Pvt Ltd 98,West Bengal,Nadia
Progressive Contractors,West Bengal,Nadia
National Infra Pvt Ltd 59,Assam,Sivasagar
Trust Projects Pvt Ltd,Maharashtra,Nagpur
Krishna Projects Pvt Ltd 192,Tamil Nadu,Tirunelveli
Progressive Projects Pvt Ltd 72,Madhya Pradesh,Jabalpur
City Infra Pvt Ltd,Tamil Nadu,Tirunelveli
Sanskar Constructions,Delhi,Central Delhi
Suraksha Developers 166,Delhi,East Delhi
Progressive Projects Pvt Ltd 238,Assam,Kamrup
Metro Infra Pvt Ltd 69,Rajasthan,Jodhpur
Progressive Infrastructure Ltd 104,Karnataka,Kalaburagi
Reliable Constructions,Tamil Nadu,Madurai
Krishna Infrastructure Ltd 250,Gujarat,Rajkot
Apex Developers 126,Gujarat,Rajkot
Modern Associates 110,Punjab,Jalandhar
Elite Builders 223,Telangana,Nizamabad
Himalaya Infrastructure Ltd,Rajasthan,Udaipur
Coastal Associates,Tamil Nadu,Chennai
United Enterprises 13,Maharashtra,Solapur
Shree Constructions,Uttar Pradesh,Varanasi
Trust Contractors,Maharashtra,Aurangabad
Krishna Associates,Delhi,South Delhi
Vishwakarma Developers,Rajasthan,Jaipur
National Infra Pvt Ltd 2,Maharashtra,Kolhapur
Bharat Infra Pvt Ltd,Tamil Nadu,Madurai
Prime Projects Pvt Ltd,Kerala,Kozhikode
Apex Projects Pvt Ltd 214,Assam,Tinsukia
Trust Infra Pvt Ltd,Odisha,Khordha
Shree Enterprises,Bihar,Patna
Vishwakarma Contractors 138,Rajasthan,Ajmer
Trust Constructions,Odisha,Balasore
Sanskar Enterprises 144,Delhi,New Delhi
Sanskar Infra Pvt Ltd 97,Assam,Sivasagar
Reliable Contractors 64,Rajasthan,Kota
United Builders 199,Delhi,East Delhi
Apex Builders 92,Punjab,Amritsar
Regional Builders 172,Bihar,Bhagalpur
Sanskar Engineering Works 42,Delhi,New Delhi
Reliable Enterprises 133,Nagaland,Wokha
Bharat Enterprises 21,Delhi,New Delhi
Shree Contractors,Bihar,Gaya
Reliable Contractors,Odisha,Mayurbhanj
Modern Projects Pvt Ltd,Rajasthan,Jaipur
National Enterprises,Tamil Nadu,Chennai
Apex Constructions 206,Madhya Pradesh,Ujjain
United Associates 246,Tamil Nadu,Erode
Apex Engineering Works,Karnataka,Mangaluru
Progressive Constructions,Telangana,Nizamabad
Regional Developers,Madhya Pradesh,Gwalior
Apex Enterprises,Bihar,Darbhanga
Metro Builders,Uttar Pradesh,Agra
City Engineering Works,Maharashtra,Kolhapur
Suraksha Builders,Nagaland,Dimapur
Regional Contractors 52,Tamil Nadu,Coimbatore
Progressive Constructions 6,Nagaland,Dimapur
Reliable Developers,Assam,Nagaon
United Engineering Works 30,Telangana,Nalgonda
Vishwakarma Infra Pvt Ltd 39,Delhi,South Delhi
Krishna Infra Pvt Ltd 56,Bihar,Gaya
Shree Projects Pvt Ltd,Rajasthan,Ajmer
Regional Projects Pvt Ltd,Rajasthan,Ajmer
Krishna Engineering Works 20,Telangana,Hyderabad
Bharat Associates 65,Tamil Nadu,Madurai
Reliable Enterprises,Maharashtra,Thane
Regional Contractors 196,Uttar Pradesh,Agra
Reliable Engineering Works 95,Odisha,Khordha
National Projects Pvt Ltd,Odisha,Cuttack
Sunrise Contractors 83,Bihar,Gaya
Om Builders,Rajasthan,Bikaner
Sai Infrastructure Ltd,Rajasthan,Kota
Krishna Developers,Uttar Pradesh,Bareilly
Bharat Contractors,Rajasthan,Ajmer
Elite Builders,Karnataka,Belagavi
Sai Engineering Works 165,Delhi,East Delhi
Modern Enterprises 170,Nagaland,Zunheboto
Progressive Associates 188,Bihar,Muzaffarpur
Modern Contractors 129,Punjab,Bathinda
Sai Developers,West Bengal,Kolkata
Apex Associates 5,Nagaland,Dimapur
Krishna Infra Pvt Ltd 167,Assam,Barpeta
Sunrise Associates,West Bengal,Nadia
Vikas Projects Pvt Ltd,Bihar,Nalanda
Sai Constructions,Kerala,Thrissur
Bharat Enterprises 102,Telangana,Nizamabad
Vishwakarma Associates 155,Kerala,Kollam
Himalaya Contractors,Madhya Pradesh,Sagar
Shree Developers 244,Delhi,New Delhi
Regional Engineering Works 112,Delhi,South Delhi
Shree Associates,Madhya Pradesh,Gwalior
Ganga Builders 142,Punjab,Mohali
Progressive Projects Pvt Ltd,Uttar Pradesh,Varanasi
Reliable Infrastructure Ltd,Punjab,Patiala
Metro Engineering Works 31,Delhi,South Delhi
Himalaya Enterprises,Karnataka,Tumakuru
Ganga Associates 12,Bihar,Muzaffarpur
Ganga Contractors 66,Nagaland,Mokokchung
Krishna Enterprises 175,West Bengal,Darjeeling
United Infrastructure Ltd,Uttar Pradesh,Gorakhpur
Ganga Contractors,Assam,Tinsukia
Sanskar Contractors 54,Telangana,Karimnagar
United Projects Pvt Ltd,Bihar,Gaya
Metro Projects Pvt Ltd,Gujarat,Bhavnagar
Regional Builders 176,Delhi,Central Delhi
Vikas Constructions 209,Telangana,Hyderabad
Ganga Engineering Works,Maharashtra,Kolhapur
Sanskar Engineering Works 96,Odisha,Khordha
Trust Infrastructure Ltd 220,Telangana,Nalgonda
Vishwakarma Projects Pvt Ltd 37,Delhi,New Delhi
City Enterprises 231,Assam,Tinsukia
Apex Developers,Tamil Nadu,Tirunelveli
Apex Infra Pvt Ltd,Kerala,Kozhikode
Krishna Projects Pvt Ltd,Assam,Sivasagar
Krishna Infra Pvt Ltd,Madhya Pradesh,Bhopal
Prime Contractors 50,Tamil Nadu,Erode
Coastal Engineering Works 216,Uttar Pradesh,Bareilly
Krishna Contractors,Uttar Pradesh,Varanasi
Prime Associates 184,Delhi,Central Delhi
Coastal Projects Pvt Ltd 224,Rajasthan,Bikaner
National Infra Pvt Ltd 71,West Bengal,Murshidabad
Sai Projects Pvt Ltd,Delhi,East Delhi
Vikas Developers,Tamil Nadu,Tiruchirappalli
Krishna Infra Pvt Ltd 174,Odisha,Ganjam
Krishna Developers 210,Maharashtra,Nashik
Modern Engineering Works 11,Nagaland,Mokokchung
Ganga Engineering Works 132,Madhya Pradesh,Gwalior
Sanskar Infra Pvt Ltd 157,West Bengal,Malda
Trust Projects Pvt Ltd 118,Assam,Jorhat
Sanskar Enterprises 3,Rajasthan,Alwar
Om Projects Pvt Ltd,Delhi,North East Delhi
Ganga Infra Pvt Ltd,Odisha,Ganjam
Sai Infrastructure Ltd 34,Delhi,South Delhi
Coastal Projects Pvt Ltd,Punjab,Bathinda
Modern Infrastructure Ltd 75,Karnataka,Mangaluru
Modern Enterprises 207,Punjab,Hoshiarpur
Elite Enterprises 168,Maharashtra,Aurangabad
Sanskar Infra Pvt Ltd 247,Karnataka,Mysuru
Modern Enterprises,Madhya Pradesh,Bhopal
Bharat Associates,Punjab,Mohali
Reliable Constructions 94,Delhi,Central Delhi
United Enterprises,Karnataka,Mangaluru
Vikas Projects Pvt Ltd 177,Odisha,Ganjam
Shree Projects Pvt Ltd 68,Bihar,Gaya
Sai Contractors,Punjab,Hoshiarpur
Sunrise Contractors,Uttar Pradesh,Bareilly
Metro Developers 74,Uttar Pradesh,Bareilly
Prime Engineering Works 232,Assam,Tinsukia
Apex Projects Pvt Ltd,Odisha,Ganjam
Sai Infrastructure Ltd 239,Odisha,Cuttack
Elite Engineering Works,Delhi,North East Delhi
City Builders 106,West Bengal,Darjeeling
Reliable Projects Pvt Ltd 117,Karnataka,Kalaburagi
Krishna Constructions 242,Nagaland,Phek
United Infra Pvt Ltd,Punjab,Hoshiarpur
Modern Infrastructure Ltd 51,Karnataka,Belagavi
National Builders,Delhi,North East Delhi
Himalaya Infra Pvt Ltd,Bihar,Darbhanga
Suraksha Associates,Nagaland,Dimapur
Vishwakarma Builders,Rajasthan,Jodhpur
Ganga Builders,Nagaland,Wokha
Prime Constructions 119,Uttar Pradesh,Kanpur
Krishna Constructions 241,Telangana,Warangal
Trust Infrastructure Ltd,Rajasthan,Jaipur
National Associates 180,Bihar,Bhagalpur
United Contractors 73,Bihar,Bhagalpur
City Enterprises,Gujarat,Vadodara
Ganga Builders 91,Madhya Pradesh,Indore
Progressive Builders 100,Tamil Nadu,Salem
United Associates 181,Madhya Pradesh,Ujjain
Om Enterprises 47,Kerala,Thiruvananthapuram
Sai Developers 46,Kerala,Ernakulam
Progressive Engineering Works,Karnataka,Hubballi
Sunrise Builders,Tamil Nadu,Tiruchirappalli
Coastal Infra Pvt Ltd 41,Odisha,Puri
Coastal Enterprises,Telangana,Nalgonda
Progressive Infrastructure Ltd,West Bengal,Murshidabad
Apex Infrastructure Ltd,West Bengal,Bardhaman
Trust Developers 128,Assam,Barpeta
Coastal Infrastructure Ltd 135,Telangana,Nizamabad
Prime Contractors,Kerala,Ernakulam
Shree Builders,Telangana,Nizamabad
Sai Constructions 35,Rajasthan,Ajmer
Sai Engineering Works,Madhya Pradesh,Sagar
Shree Enterprises 225,West Bengal,Murshidabad
Sai Contractors 93,Rajasthan,Jodhpur
City Enterprises 235,Karnataka,Tumakuru
Sanskar Infra Pvt Ltd,Delhi,New Delhi
Vishwakarma Contractors 61,Tamil Nadu,Tiruchirappalli
City Constructions 80,Gujarat,Bhavnagar
City Infra Pvt Ltd 115,Rajasthan,Ajmer
Vishwakarma Contractors,Rajasthan,Jaipur
Sunrise Engineering Works,Karnataka,Belagavi
Sanskar Associates 29,Assam,Sivasagar
City Constructions,Bihar,Darbhanga
National Contractors,Delhi,North East Delhi
Sai Associates,Rajasthan,Alwar
Progressive Builders 222,Tamil Nadu,Salem
Trust Infra Pvt Ltd 43,Gujarat,Surat
Vishwakarma Associates 77,Maharashtra,Kolhapur
Elite Associates,Odisha,Balasore
Sanskar Projects Pvt Ltd,Uttar Pradesh,Lucknow
Trust Enterprises,Rajasthan,Alwar
Regional Builders,Telangana,Hyderabad
Prime Infra Pvt Ltd,Gujarat,Jamnagar
Vikas Infra Pvt Ltd 107,Odisha,Cuttack
United Developers,Rajasthan,Udaipur
National Contractors 120,Madhya Pradesh,Indore
Elite Engineering Works 154,Maharashtra,Nashik
Bharat Constructions 38,Gujarat,Bhavnagar
Shree Infrastructure Ltd 212,West Bengal,Malda
Vikas Contractors 141,Kerala,Kozhikode
Sunrise Infra Pvt Ltd,Delhi,North East Delhi
Progressive Infrastructure Ltd 125,Rajasthan,Ajmer
Om Infrastructure Ltd,Punjab,Hoshiarpur
United Constructions 164,Uttar Pradesh,Bareilly
Coastal Builders,Nagaland,Dimapur
Om Enterprises 228,Tamil Nadu,Erode
Metro Projects Pvt Ltd 158,Karnataka,Tumakuru
Reliable Infra Pvt Ltd,Gujarat,Ahmedabad
Vishwakarma Projects Pvt Ltd,Karnataka,Bengaluru Urban
Trust Builders,West Bengal,Nadia
Om Enterprises 203,Uttar Pradesh,Bareilly
Modern Infrastructure Ltd,Gujarat,Jamnagar
Prime Enterprises 140,West Bengal,Nadia
Sanskar Associates,Karnataka,Tumakuru
Himalaya Constructions,Gujarat,Ahmedabad
Apex Contractors,Tamil Nadu,Tiruchirappalli
Progressive Enterprises,Assam,Sivasagar
Coastal Infrastructure Ltd,Punjab,Bathinda
Sanskar Engineering Works,Tamil Nadu,Tirunelveli
National Engineering Works 10,Nagaland,Tuensang
Vishwakarma Infrastructure Ltd,Telangana,Nalgonda
Progressive Associates,Rajasthan,Ajmer
Metro Contractors,Madhya Pradesh,Bhopal
Ganga Constructions,Odisha,Cuttack
Modern Enterprises 143,Bihar,Bhagalpur
Sunrise Developers,Delhi,New Delhi
Elite Infrastructure Ltd 233,Uttar Pradesh,Agra
Regional Constructions,Odisha,Ganjam
Shree Infrastructure Ltd,Telangana,Nizamabad
Suraksha Constructions 219,Madhya Pradesh,Ujjain
Metro Engineering Works,Odisha,Ganjam
Regional Builders 101,Uttar Pradesh,Bareilly
Prime Developers,Madhya Pradesh,Gwalior
Apex Projects Pvt Ltd 28,Bihar,Purnia
Sanskar Enterprises,Gujarat,Surat
Apex Projects Pvt Ltd 186,Telangana,Karimnagar
Himalaya Associates 36,Tamil Nadu,Erode
Coastal Contractors,Gujarat,Ahmedabad
Shree Associates 57,Gujarat,Bhavnagar
Shree Engineering Works,Gujarat,Ahmedabad
Elite Engineering Works 15,Karnataka,Belagavi
Om Engineering Works,Maharashtra,Nagpur
Krishna Enterprises,Telangana,Hyderabad
Om Associates 16,Maharashtra,Pune
Prime Builders,Bihar,Nalanda
Metro Constructions,Punjab,Amritsar
Coastal Developers,Odisha,Mayurbhanj
Progressive Infra Pvt Ltd,Maharashtra,Nagpur
Trust Engineering Works,Maharashtra,Aurangabad
Apex Associates,Tamil Nadu,Madurai
City Associates,Odisha,Mayurbhanj
Suraksha Associates 22,Assam,Jorhat
Suraksha Engineering Works,Odisha,Puri
United Engineering Works 245,West Bengal,Malda
Apex Infrastructure Ltd 124,Kerala,Ernakulam
United Contractors,Assam,Dibrugarh
United Builders,Assam,Jorhat
Trust Contractors 26,Tamil Nadu,Salem
Apex Constructions,Punjab,Ludhiana
Regional Engineering Works 243,Kerala,Kozhikode
Vishwakarma Infra Pvt Ltd,Bihar,Gaya
Metro Developers,Madhya Pradesh,Ujjain
Metro Enterprises 147,Uttar Pradesh,Kanpur
Suraksha Engineering Works 109,Delhi,East Delhi
Vikas Infra Pvt Ltd,Gujarat,Bhavnagar
Sanskar Infra Pvt Ltd 136,Uttar Pradesh,Bareilly
Elite Infrastructure Ltd,Tamil Nadu,Salem
National Infra Pvt Ltd 87,Bihar,Purnia
Modern Constructions,Rajasthan,Kota
Metro Enterprises 213,Assam,Kamrup
United Constructions,Delhi,North East Delhi
Suraksha Constructions,Karnataka,Mangaluru
Sai Developers 32,Uttar Pradesh,Bareilly
Bharat Builders,Telangana,Hyderabad
Sanskar Enterprises 139,Nagaland,Mokokchung
Suraksha Enterprises 171,Odisha,Cuttack
Sai Builders 24,Odisha,Khordha
Modern Engineering Works,Punjab,Patiala
Elite Infra Pvt Ltd,Rajasthan,Kota
Trust Associates 211,Madhya Pradesh,Bhopal
Shree Infra Pvt Ltd,Uttar Pradesh,Agra
Sai Enterprises 8,Madhya Pradesh,Jabalpur
Vikas Constructions,Tamil Nadu,Tiruchirappalli
Regional Infra Pvt Ltd 240,Punjab,Hoshiarpur
Ganga Enterprises,Telangana,Karimnagar
Sanskar Infrastructure Ltd,Madhya Pradesh,Sagar
Ganga Enterprises 85,Uttar Pradesh,Prayagraj
United Engineering Works,Madhya Pradesh,Gwalior
Himalaya Developers 226,West Bengal,Darjeeling
Vikas Engineering Works 202,Odisha,Balasore
Modern Contractors 76,Delhi,New Delhi
Coastal Projects Pvt Ltd 185,Nagaland,Phek
Sai Infra Pvt Ltd,Nagaland,Kohima
Himalaya Developers 151,Madhya Pradesh,Bhopal
Sunrise Enterprises,Gujarat,Junagadh
Bharat Constructions,Odisha,Sambalpur
Ganga Developers 183,Bihar,Darbhanga
Apex Builders,Punjab,Mohali
Vishwakarma Infra Pvt Ltd 127,Uttar Pradesh,Gorakhpur
Elite Constructions,Gujarat,Junagadh
Sanskar Infra Pvt Ltd 7,Madhya Pradesh,Rewa
Prime Associates,Bihar,Bhagalpur
Apex Infrastructure Ltd 204,Rajasthan,Udaipur
Bharat Constructions 230,Uttar Pradesh,Agra
Reliable Enterprises 4,Odisha,Balasore
Himalaya Associates,Delhi,North Delhi
Krishna Builders 82,Uttar Pradesh,Prayagraj
Sanskar Builders 145,Gujarat,Ahmedabad
Sunrise Projects Pvt Ltd,West Bengal,Nadia
Metro Infrastructure Ltd,Tamil Nadu,Erode
Vishwakarma Constructions,Madhya Pradesh,Rewa
Metro Enterprises,Assam,Sivasagar
Modern Contractors,West Bengal,Kolkata
Coastal Developers 58,Kerala,Kozhikode
Prime Infrastructure Ltd,Rajasthan,Udaipur
Trust Associates,Gujarat,Ahmedabad
Trust Builders 53,Kerala,Palakkad
Prime Enterprises 234,Odisha,Sambalpur
Shree Builders 103,Karnataka,Bengaluru Urban
National Developers 123,Odisha,Balasore
Om Developers,Assam,Kamrup
Elite Enterprises,Maharashtra,Thane
Krishna Engineering Works,Madhya Pradesh,Jabalpur
Regional Engineering Works,Punjab,Amritsar
Progressive Contractors 137,Gujarat,Vadodara
Sunrise Infrastructure Ltd 152,Punjab,Hoshiarpur
Vikas Builders,Nagaland,Kohima
Modern Enterprises 150,Odisha,Puri
United Infrastructure Ltd 62,Bihar,Purnia
Suraksha Projects Pvt Ltd,Nagaland,Mokokchung
United Contractors 70,Telangana,Nalgonda
Regional Associates,Madhya Pradesh,Jabalpur
Bharat Infrastructure Ltd,Telangana,Karimnagar
Coastal Engineering Works,West Bengal,Howrah
Sai Enterprises,Uttar Pradesh,Prayagraj
Shree Projects Pvt Ltd 131,Madhya Pradesh,Bhopal
Sanskar Enterprises 221,Rajasthan,Ajmer
Apex Engineering Works 105,Delhi,West Delhi
Bharat Developers,Rajasthan,Jaipur
City Projects Pvt Ltd,Tamil Nadu,Tiruchirappalli
National Infrastructure Ltd,Bihar,Patna
Progressive Projects Pvt Ltd 215,Maharashtra,Kolhapur
Coastal Projects Pvt Ltd 67,Maharashtra,Nashik
City Constructions 122,West Bengal,Darjeeling
Himalaya Engineering Works 44,Punjab,Ludhiana
Trust Constructions 25,Assam,Nagaon
Om Contractors 195,Madhya Pradesh,Indore
Sanskar Developers 48,Odisha,Ganjam
Reliable Contractors 111,Tamil Nadu,Salem
City Contractors,Gujarat,Ahmedabad
Prime Infrastructure Ltd 197,Karnataka,Tumakuru
Krishna Infrastructure Ltd,Bihar,Muzaffarpur
Bharat Contractors 14,Assam,Nagaon
National Developers,Nagaland,Phek
Ganga Constructions 89,Punjab,Bathinda
Modern Infra Pvt Ltd,Madhya Pradesh,Ujjain
Modern Associates,Karnataka,Kalaburagi
Vishwakarma Enterprises,Madhya Pradesh,Gwalior
Vikas Builders 201,Uttar Pradesh,Gorakhpur
Himalaya Engineering Works 248,Assam,Jorhat
Regional Contractors,Kerala,Palakkad
Sunrise Constructions,Telangana,Nalgonda
Elite Contractors 27,Gujarat,Ahmedabad
Regional Infrastructure Ltd,Madhya Pradesh,Rewa
Apex Developers 99,Uttar Pradesh,Agra
Sanskar Contractors 162,Madhya Pradesh,Ujjain
Prime Engineering Works,Karnataka,Hubballi
Ganga Constructions 148,Nagaland,Wokha
Regional Engineering Works 163,Rajasthan,Ajmer
Reliable Developers 90,Punjab,Amritsar
Metro Associates,Punjab,Hoshiarpur
Om Infrastructure Ltd 134,Kerala,Ernakulam
Sanskar Builders,Uttar Pradesh,Agra
Krishna Builders,Gujarat,Vadodara
Himalaya Engineering Works,Odisha,Puri
Modern Enterprises 23,Uttar Pradesh,Varanasi
Reliable Associates,West Bengal,Howrah
Suraksha Engineering Works 217,Kerala,Kollam
Elite Contractors 249,Odisha,Mayurbhanj
Trust Developers,Nagaland,Dimapur
Sunrise Constructions 173,Delhi,East Delhi
National Engineering Works,Telangana,Nalgonda
Vikas Engineering Works,Punjab,Hoshiarpur
Elite Projects Pvt Ltd,Punjab,Amritsar
Shree Infrastructure Ltd 81,Telangana,Hyderabad
Om Contractors,Delhi,East Delhi
Sanskar Developers 159,Rajasthan,Alwar
Progressive Projects Pvt Ltd 33,West Bengal,Nadia
Reliable Engineering Works,Bihar,Bhagalpur
Krishna Engineering Works 161,Nagaland,Mokokchung
Om Engineering Works 63,Telangana,Karimnagar
Ganga Engineering Works 179,Bihar,Patna
Modern Developers,Gujarat,Junagadh
United Associates,Rajasthan,Jaipur
Ganga Associates 205,Nagaland,Zunheboto
Prime Enterprises,Karnataka,Mangaluru
Ganga Infra Pvt Ltd 17,Bihar,Muzaffarpur
Bharat Associates 84,Maharashtra,Solapur
Suraksha Enterprises,Delhi,West Delhi
Krishna Constructions,Odisha,Cuttack
Bharat Developers 121,Telangana,Hyderabad
Om Associates,Punjab,Mohali
Elite Contractors 189,Nagaland,Zunheboto
Prime Constructions,Kerala,Ernakulam
Suraksha Engineering Works 193,Tamil Nadu,Tirunelveli
Om Enterprises 79,Telangana,Karimnagar
Elite Contractors,Kerala,Kozhikode
City Infrastructure Ltd,Gujarat,Vadodara
Sai Projects Pvt Ltd 18,Karnataka,Mangaluru
Elite Constructions 178,Punjab,Mohali
Om Enterprises,Bihar,Nalanda
Sunrise Contractors 191,Punjab,Ludhiana
Vikas Contractors,Punjab,Ludhiana
Ganga Infra Pvt Ltd 198,Karnataka,Belagavi
Ganga Infrastructure Ltd,West Bengal,Bardhaman
Elite Infrastructure Ltd 55,Odisha,Khordha
Sanskar Developers,Nagaland,Zunheboto
Progressive Builders 156,Odisha,Khordha
Sunrise Developers 169,Rajasthan,Ajmer
Himalaya Projects Pvt Ltd,Karnataka,Mysuru
Ganga Projects Pvt Ltd,Nagaland,Mokokchung
Himalaya Developers,Karnataka,Kalaburagi
Elite Developers,Punjab,Hoshiarpur
Metro Contractors 149,Odisha,Balasore
Om Infra Pvt Ltd,Nagaland,Tuensang
Shree Infra Pvt Ltd 19,Madhya Pradesh,Ujjain
Regional Enterprises 200,Gujarat,Ahmedabad
Himalaya Builders,Gujarat,Vadodara
Bharat Engineering Works,Kerala,Thiruvananthapuram
Progressive Infrastructure Ltd 9,Punjab,Hoshiarpur
Vishwakarma Engineering Works,Delhi,North Delhi
Vikas Infrastructure Ltd,Tamil Nadu,Coimbatore
Ganga Developers,Odisha,Cuttack
Shree Engineering Works 113,Rajasthan,Alwar
Ganga Engineering Works 60,Uttar Pradesh,Lucknow
Elite Builders 187,Punjab,Hoshiarpur
Bharat Projects Pvt Ltd,Odisha,Sambalpur
Coastal Constructions,Karnataka,Mysuru
Vikas Associates,Kerala,Thiruvananthapuram
City Infra Pvt Ltd 236,Kerala,Kannur
Coastal Developers 146,Telangana,Hyderabad
Vikas Enterprises,Madhya Pradesh,Gwalior
Om Constructions,Tamil Nadu,Tiruchirappalli
Regional Infra Pvt Ltd,Rajasthan,Alwar
City Associates 194,Telangana,Warangal
National Constructions,Tamil Nadu,Madurai
Coastal Infra Pvt Ltd,Delhi,North East Delhi
Suraksha Developers,Maharashtra,Solapur
Himalaya Developers 45,Telangana,Karimnagar
City Builders,Rajasthan,Alwar
Modern Builders,Karnataka,Hubballi
Elite Associates 153,Madhya Pradesh,Indore
Suraksha Constructions 237,Maharashtra,Nashik
Sanskar Constructions 227,West Bengal,Kolkata
Bharat Enterprises,Delhi,North East Delhi
Trust Constructions 108,Gujarat,Bhavnagar
