project_external_id,planted_signals,duplicate_of,notes
MP-NAG-2023-0191,COST_ANOMALY,,
MP-KAR-2023-0060,COST_ANOMALY,,
MP-KAR-2024-0129,COST_ANOMALY,,
MP-MP-2025-0131,COST_ANOMALY,,
MP-ODI-2024-0145,COST_ANOMALY,,
MP-TN-2023-0127,COST_ANOMALY,,
MP-UP-2024-0004,COST_ANOMALY,,
MP-MH-2025-0029,COST_ANOMALY,,
MP-PUN-2025-0060,COST_ANOMALY,,
MP-DEL-2023-0002,COST_ANOMALY,,
MP-MH-2024-0141,COST_ANOMALY,,
MP-MP-2022-0046,COST_ANOMALY,,
MP-ASM-2025-0131,COST_ANOMALY,,
MP-TEL-2023-0133,COST_ANOMALY,,
MP-MP-2023-0149,COST_ANOMALY,,
MP-ODI-2022-0002,COST_ANOMALY,,
MP-DEL-2024-0192,COST_ANOMALY,,
MP-BHR-2023-0136,COST_ANOMALY,,
MP-MH-2023-0025,COST_ANOMALY,,
MP-TEL-2025-0057,COST_ANOMALY,,
MP-MP-2022-0026,COST_ANOMALY,,
MP-MP-2023-0136,COST_ANOMALY,,
MP-BHR-2024-0092,COST_ANOMALY,,
MP-DEL-2022-0082,COST_ANOMALY;PAYMENT_PROGRESS_MISMATCH,,
MP-BHR-2024-0178,COST_ANOMALY,,
MP-NAG-2025-0019,COST_ANOMALY,,
MP-PUN-2024-0087,COST_ANOMALY,,
MP-UP-2025-0117,COST_ANOMALY,,
MP-UP-2025-0089,COST_ANOMALY,,
MP-NAG-2023-0185,COST_ANOMALY;POSSIBLE_DUPLICATE,MP-TN-2023-0081,
MP-ASM-2023-0200,COST_ANOMALY,,
MP-ASM-2025-0096,COST_ANOMALY,,
MP-TN-2024-0011,COST_ANOMALY,,
MP-MH-2024-0006,COST_ANOMALY,,
MP-MH-2022-0084,COST_ANOMALY,,
MP-GUJ-2023-0024,COST_ANOMALY,,
MP-KER-2025-0132,COST_ANOMALY,,
MP-KAR-2025-0082,COST_ANOMALY;EVIDENCE_ANOMALY,,
MP-DEL-2022-0070,COST_ANOMALY,,
MP-NAG-2025-0026,COST_ANOMALY,,
MP-NAG-2024-0124,COST_ANOMALY,,
MP-KER-2023-0066,COST_ANOMALY,,
MP-KAR-2023-0059,COST_ANOMALY,,
MP-TEL-2024-0116,COST_ANOMALY,,
MP-PUN-2022-0093,COST_ANOMALY,,
MP-KAR-2025-0116,COST_ANOMALY,,
MP-KAR-2023-0201,COST_ANOMALY,,
MP-ASM-2023-0133,COST_ANOMALY,,
MP-DEL-2025-0102,COST_ANOMALY,,
MP-ASM-2025-0052,COST_ANOMALY,,
MP-MH-2023-0180,COST_ANOMALY,,
MP-KAR-2025-0026,COST_ANOMALY,,
MP-WB-2023-0044,COST_ANOMALY,,
MP-PUN-2022-0058,COST_ANOMALY,,
MP-NAG-2024-0010,COST_ANOMALY,,
MP-UP-2025-0061,COST_ANOMALY,,
MP-NAG-2025-0055,COST_ANOMALY,,
MP-WB-2024-0076,COST_ANOMALY,,
MP-RAJ-2024-0049,COST_ANOMALY,,
MP-ODI-2022-0073,COST_ANOMALY,,
MP-BHR-2025-0092,COST_ANOMALY,,
MP-UP-2025-0133,COST_ANOMALY,,
MP-NAG-2022-0053,COST_ANOMALY,,
MP-KAR-2025-0080,COST_ANOMALY,,
MP-BHR-2024-0151,COST_ANOMALY,,
MP-KAR-2022-0004,COST_ANOMALY,,
MP-MH-2025-0037,COST_ANOMALY,,
MP-MH-2023-0167,COST_ANOMALY,,
MP-NAG-2024-0154,COST_ANOMALY,,
MP-GUJ-2024-0137,COST_ANOMALY,,
MP-PUN-2023-0099,COST_ANOMALY,,
MP-BHR-2025-0112,COST_ANOMALY,,
MP-DEL-2025-0001,COST_ANOMALY,,
MP-MH-2023-0017,COST_ANOMALY;PAYMENT_PROGRESS_MISMATCH,,
MP-ODI-2024-0033,COST_ANOMALY,,
MP-KAR-2024-0104,COST_ANOMALY,,
MP-TEL-2024-0094,COST_ANOMALY,,
MP-RAJ-2023-0136,COST_ANOMALY,,
MP-DEL-2025-0110,COST_ANOMALY,,
MP-WB-2024-0051,COST_ANOMALY,,
MP-ODI-2025-0039,COST_ANOMALY,,
MP-WB-2023-0065,COST_ANOMALY,,
MP-NAG-2025-0115,COST_ANOMALY,,
MP-ODI-2024-0040,COST_ANOMALY,,
MP-MH-2024-0182,COST_ANOMALY,,
MP-ODI-2022-0057,COST_ANOMALY,,
MP-MP-2024-0142,COST_ANOMALY,,
MP-PUN-2022-0103,COST_ANOMALY,,
MP-KER-2024-0129,COST_ANOMALY,,
MP-KER-2022-0074,COST_ANOMALY,,
MP-RAJ-2024-0003,COST_ANOMALY,,
MP-RAJ-2025-0120,COST_ANOMALY,,
MP-KER-2025-0066,COST_ANOMALY,,
MP-RAJ-2023-0150,COST_ANOMALY,,
MP-NAG-2023-0020,COST_ANOMALY,,
MP-DEL-2023-0027,COST_ANOMALY,,
MP-UP-2022-0096,COST_ANOMALY,,
MP-MH-2025-0097,COST_ANOMALY,,
MP-UP-2023-0169,COST_ANOMALY,,
MP-UP-2024-0093,COST_ANOMALY,,
MP-ASM-2024-0118,DELAY_ANOMALY,,peer_median_months=6.0; planted_extra_months=16.0
MP-TN-2023-0166,DELAY_ANOMALY,,peer_median_months=5.0; planted_extra_months=14.7
MP-TEL-2023-0008,DELAY_ANOMALY,,peer_median_months=4.0; planted_extra_months=19.4
MP-BHR-2025-0135,DELAY_ANOMALY,,peer_median_months=2.0; planted_extra_months=11.5
MP-ODI-2025-0045,DELAY_ANOMALY,,peer_median_months=8.0; planted_extra_months=8.3
MP-NAG-2024-0096,DELAY_ANOMALY,,peer_median_months=5.0; planted_extra_months=14.0
MP-TN-2023-0156,DELAY_ANOMALY;CONTRACTOR_RISK_PATTERN,,contractor=Bharat Associates 84
MP-ASM-2023-0127,DELAY_ANOMALY,,peer_median_months=9.0; planted_extra_months=17.1
MP-KAR-2023-0057,DELAY_ANOMALY,,peer_median_months=9.0; planted_extra_months=17.0
MP-TN-2025-0032,DELAY_ANOMALY,,peer_median_months=4.0; planted_extra_months=14.0
MP-UP-2023-0175,DELAY_ANOMALY,,peer_median_months=5.0; planted_extra_months=9.9
MP-KER-2022-0072,DELAY_ANOMALY,,peer_median_months=8.0; planted_extra_months=14.4
MP-ASM-2023-0094,DELAY_ANOMALY,,peer_median_months=5.0; planted_extra_months=8.0
MP-KAR-2025-0005,DELAY_ANOMALY,,peer_median_months=5.0; planted_extra_months=9.2
MP-MH-2022-0075,DELAY_ANOMALY,,peer_median_months=2.0; planted_extra_months=17.8
MP-MH-2022-0083,DELAY_ANOMALY,,peer_median_months=8.0; planted_extra_months=19.1
MP-KAR-2023-0187,DELAY_ANOMALY,,peer_median_months=6.0; planted_extra_months=9.6
MP-PUN-2022-0026,DELAY_ANOMALY,,peer_median_months=7.0; planted_extra_months=9.8
MP-UP-2023-0129,DELAY_ANOMALY,,peer_median_months=6.0; planted_extra_months=19.1
MP-TN-2023-0071,DELAY_ANOMALY,,peer_median_months=2.0; planted_extra_months=16.1
MP-DEL-2023-0149,DELAY_ANOMALY,,peer_median_months=2.0; planted_extra_months=14.3
MP-BHR-2024-0065,DELAY_ANOMALY,,peer_median_months=8.0; planted_extra_months=14.7
MP-DEL-2023-0110,DELAY_ANOMALY,,peer_median_months=4.0; planted_extra_months=19.0
MP-BHR-2023-0052,DELAY_ANOMALY,,peer_median_months=2.0; planted_extra_months=18.2
MP-UP-2025-0105,DELAY_ANOMALY,,peer_median_months=8.0; planted_extra_months=19.8
MP-TEL-2024-0074,DELAY_ANOMALY,,peer_median_months=8.0; planted_extra_months=11.0
MP-WB-2023-0076,DELAY_ANOMALY,,peer_median_months=9.0; planted_extra_months=17.4
MP-RAJ-2023-0053,DELAY_ANOMALY;CONTRACTOR_RISK_PATTERN,,contractor=Metro Enterprises 213
MP-WB-2025-0053,DELAY_ANOMALY,,peer_median_months=2.0; planted_extra_months=18.5
MP-ODI-2024-0083,DELAY_ANOMALY,,peer_median_months=4.0; planted_extra_months=19.1
MP-DEL-2024-0161,DELAY_ANOMALY,,peer_median_months=8.0; planted_extra_months=17.9
MP-UP-2024-0045,DELAY_ANOMALY,,peer_median_months=2.0; planted_extra_months=11.1
MP-KAR-2022-0070,DELAY_ANOMALY,,peer_median_months=4.0; planted_extra_months=14.9
MP-BHR-2023-0115,DELAY_ANOMALY,,peer_median_months=8.0; planted_extra_months=10.3
MP-KAR-2023-0138,DELAY_ANOMALY,,peer_median_months=7.0; planted_extra_months=19.6
MP-ODI-2023-0018,DELAY_ANOMALY,,peer_median_months=7.0; planted_extra_months=18.0
MP-WB-2024-0075,DELAY_ANOMALY,,peer_median_months=5.0; planted_extra_months=13.6
MP-BHR-2023-0002,DELAY_ANOMALY,,peer_median_months=8.0; planted_extra_months=14.6
MP-KAR-2025-0029,DELAY_ANOMALY,,peer_median_months=6.0; planted_extra_months=16.5
MP-PUN-2023-0001,DELAY_ANOMALY,,peer_median_months=4.0; planted_extra_months=17.9
MP-NAG-2022-0093,DELAY_ANOMALY,,peer_median_months=7.0; planted_extra_months=19.8
MP-PUN-2024-0004,DELAY_ANOMALY,,peer_median_months=6.0; planted_extra_months=12.5
MP-MP-2023-0105,DELAY_ANOMALY,,peer_median_months=7.0; planted_extra_months=10.7
MP-ASM-2023-0132,DELAY_ANOMALY,,peer_median_months=6.0; planted_extra_months=9.9
MP-TN-2024-0159,DELAY_ANOMALY,,peer_median_months=4.0; planted_extra_months=9.0
MP-MP-2023-0009,DELAY_ANOMALY,,peer_median_months=5.0; planted_extra_months=12.8
MP-UP-2022-0027,DELAY_ANOMALY,,peer_median_months=8.0; planted_extra_months=18.6
MP-TEL-2023-0161,DELAY_ANOMALY,,peer_median_months=8.0; planted_extra_months=19.1
MP-TEL-2023-0110,DELAY_ANOMALY,,peer_median_months=5.0; planted_extra_months=9.5
MP-WB-2024-0065,DELAY_ANOMALY,,peer_median_months=6.0; planted_extra_months=14.5
MP-NAG-2022-0054,DELAY_ANOMALY,,peer_median_months=9.0; planted_extra_months=13.4
MP-BHR-2024-0161,DELAY_ANOMALY,,peer_median_months=6.0; planted_extra_months=12.3
MP-KAR-2024-0044,DELAY_ANOMALY,,peer_median_months=9.0; planted_extra_months=11.8
MP-NAG-2022-0077,DELAY_ANOMALY,,peer_median_months=7.0; planted_extra_months=10.5
MP-TEL-2025-0061,DELAY_ANOMALY,,peer_median_months=4.0; planted_extra_months=10.5
MP-DEL-2024-0099,DELAY_ANOMALY;CONTRACTOR_RISK_PATTERN,,contractor=Sanskar Associates
MP-MH-2024-0081,DELAY_ANOMALY,,peer_median_months=7.0; planted_extra_months=10.0
MP-KER-2024-0096,DELAY_ANOMALY,,peer_median_months=4.0; planted_extra_months=17.9
MP-UP-2022-0106,DELAY_ANOMALY,,peer_median_months=7.0; planted_extra_months=9.7
MP-TN-2023-0021,DELAY_ANOMALY,,peer_median_months=6.0; planted_extra_months=14.9
MP-PUN-2023-0043,DELAY_ANOMALY,,peer_median_months=4.0; planted_extra_months=10.5
MP-RAJ-2023-0147,DELAY_ANOMALY,,peer_median_months=9.0; planted_extra_months=15.6
MP-TN-2025-0074,DELAY_ANOMALY,,peer_median_months=9.0; planted_extra_months=8.7
MP-NAG-2022-0005,DELAY_ANOMALY,,peer_median_months=5.0; planted_extra_months=13.0
MP-ODI-2023-0115,DELAY_ANOMALY,,peer_median_months=4.0; planted_extra_months=13.3
MP-MH-2024-0011,DELAY_ANOMALY,,peer_median_months=8.0; planted_extra_months=8.4
MP-ASM-2024-0154,DELAY_ANOMALY,,peer_median_months=6.0; planted_extra_months=10.6
MP-DEL-2023-0029,DELAY_ANOMALY,,peer_median_months=6.0; planted_extra_months=8.4
MP-GUJ-2023-0139,DELAY_ANOMALY,,peer_median_months=6.0; planted_extra_months=14.2
MP-TEL-2024-0155,DELAY_ANOMALY,,peer_median_months=6.0; planted_extra_months=15.8
MP-TEL-2024-0023,DELAY_ANOMALY,,peer_median_months=2.0; planted_extra_months=19.8
MP-NAG-2023-0090,DELAY_ANOMALY,,peer_median_months=4.0; planted_extra_months=8.8
MP-BHR-2024-0148,DELAY_ANOMALY,,peer_median_months=5.0; planted_extra_months=8.0
MP-GUJ-2024-0035,DELAY_ANOMALY,,peer_median_months=8.0; planted_extra_months=18.1
MP-WB-2023-0140,DELAY_ANOMALY,,peer_median_months=6.0; planted_extra_months=8.2
MP-TN-2024-0158,DELAY_ANOMALY,,peer_median_months=8.0; planted_extra_months=10.6
MP-MH-2025-0106,DELAY_ANOMALY,,peer_median_months=5.0; planted_extra_months=16.5
MP-RAJ-2024-0036,DELAY_ANOMALY,,peer_median_months=4.0; planted_extra_months=10.5
MP-NAG-2025-0076,DELAY_ANOMALY,,peer_median_months=9.0; planted_extra_months=17.6
MP-NAG-2025-0082,DELAY_ANOMALY,,peer_median_months=9.0; planted_extra_months=15.9
MP-BHR-2023-0058,DELAY_ANOMALY,,peer_median_months=6.0; planted_extra_months=11.3
MP-TEL-2023-0069,DELAY_ANOMALY,,peer_median_months=8.0; planted_extra_months=13.5
MP-KER-2025-0055,DELAY_ANOMALY,,peer_median_months=6.0; planted_extra_months=19.8
MP-WB-2022-0024,DELAY_ANOMALY,,peer_median_months=5.0; planted_extra_months=13.4
MP-MH-2024-0087,DELAY_ANOMALY,,peer_median_months=6.0; planted_extra_months=9.9
MP-DEL-2023-0090,DELAY_ANOMALY,,peer_median_months=8.0; planted_extra_months=8.4
MP-NAG-2022-0004,DELAY_ANOMALY,,peer_median_months=4.0; planted_extra_months=11.2
MP-KER-2025-0098,DELAY_ANOMALY;PAYMENT_PROGRESS_MISMATCH,,peer_median_months=5.0; planted_extra_months=11.1
MP-DEL-2024-0014,DELAY_ANOMALY,,peer_median_months=8.0; planted_extra_months=12.0
MP-KER-2024-0082,DELAY_ANOMALY,,peer_median_months=2.0; planted_extra_months=10.2
MP-GUJ-2024-0069,DELAY_ANOMALY,,peer_median_months=8.0; planted_extra_months=17.3
MP-TN-2024-0141,DELAY_ANOMALY;EVIDENCE_ANOMALY,,peer_median_months=8.0; planted_extra_months=13.5
MP-UP-2023-0167,DELAY_ANOMALY,,peer_median_months=5.0; planted_extra_months=11.0
MP-DEL-2024-0041,DELAY_ANOMALY;CONTRACTOR_RISK_PATTERN,,contractor=Suraksha Associates
MP-DEL-2023-0046,DELAY_ANOMALY,,peer_median_months=5.0; planted_extra_months=18.4
MP-UP-2025-0024,DELAY_ANOMALY,,peer_median_months=5.0; planted_extra_months=10.9
MP-KER-2024-0147,DELAY_ANOMALY,,peer_median_months=4.0; planted_extra_months=11.3
MP-MH-2023-0030,DELAY_ANOMALY,,peer_median_months=2.0; planted_extra_months=10.5
MP-ODI-2022-0099,DELAY_ANOMALY,,peer_median_months=5.0; planted_extra_months=12.9
MP-TEL-2024-0050,DELAY_ANOMALY,,peer_median_months=4.0; planted_extra_months=12.7
MP-WB-2023-0031,PAYMENT_PROGRESS_MISMATCH,,
MP-NAG-2025-0128,PAYMENT_PROGRESS_MISMATCH,,
MP-TEL-2023-0047,PAYMENT_PROGRESS_MISMATCH,,
MP-BHR-2022-0071,PAYMENT_PROGRESS_MISMATCH,,
MP-MH-2025-0160,PAYMENT_PROGRESS_MISMATCH,,
MP-ODI-2022-0003,PAYMENT_PROGRESS_MISMATCH,,
MP-DEL-2025-0101,PAYMENT_PROGRESS_MISMATCH,,
MP-ODI-2023-0167,PAYMENT_PROGRESS_MISMATCH,,
MP-NAG-2024-0097,PAYMENT_PROGRESS_MISMATCH,,
MP-KER-2022-0116,PAYMENT_PROGRESS_MISMATCH,,
MP-DEL-2024-0040,PAYMENT_PROGRESS_MISMATCH,,
MP-TEL-2022-0052,PAYMENT_PROGRESS_MISMATCH,,
MP-MH-2024-0116,PAYMENT_PROGRESS_MISMATCH,,
MP-MP-2023-0130,PAYMENT_PROGRESS_MISMATCH,,
MP-MP-2025-0051,PAYMENT_PROGRESS_MISMATCH,,
MP-ASM-2024-0114,PAYMENT_PROGRESS_MISMATCH,,
MP-MH-2023-0179,PAYMENT_PROGRESS_MISMATCH,,
MP-UP-2025-0002,PAYMENT_PROGRESS_MISMATCH,,
MP-WB-2024-0183,PAYMENT_PROGRESS_MISMATCH,,
MP-KAR-2024-0024,PAYMENT_PROGRESS_MISMATCH,,
MP-RAJ-2025-0003,PAYMENT_PROGRESS_MISMATCH,,
MP-ASM-2023-0089,PAYMENT_PROGRESS_MISMATCH,,
MP-DEL-2022-0073,PAYMENT_PROGRESS_MISMATCH,,
MP-BHR-2025-0109,PAYMENT_PROGRESS_MISMATCH,,
MP-MP-2023-0180,PAYMENT_PROGRESS_MISMATCH,,
MP-RAJ-2022-0047,PAYMENT_PROGRESS_MISMATCH,,
MP-ODI-2022-0017,PAYMENT_PROGRESS_MISMATCH,,
MP-KAR-2025-0105,PAYMENT_PROGRESS_MISMATCH,,
MP-TN-2022-0083,PAYMENT_PROGRESS_MISMATCH,,
MP-MH-2022-0064,PAYMENT_PROGRESS_MISMATCH,,
MP-DEL-2022-0081,PAYMENT_PROGRESS_MISMATCH,,
MP-UP-2023-0139,PAYMENT_PROGRESS_MISMATCH;CONTRACTOR_RISK_PATTERN,,contractor=Sanskar Associates
MP-DEL-2023-0156,PAYMENT_PROGRESS_MISMATCH,,
MP-WB-2024-0154,PAYMENT_PROGRESS_MISMATCH,,
MP-UP-2024-0035,PAYMENT_PROGRESS_MISMATCH,,
MP-MH-2025-0126,PAYMENT_PROGRESS_MISMATCH,,
MP-RAJ-2023-0130,PAYMENT_PROGRESS_MISMATCH,,
MP-DEL-2023-0157,PAYMENT_PROGRESS_MISMATCH,,
MP-MP-2022-0049,PAYMENT_PROGRESS_MISMATCH,,
MP-KER-2023-0195,PAYMENT_PROGRESS_MISMATCH,,
MP-GUJ-2023-0164,PAYMENT_PROGRESS_MISMATCH,,
MP-TN-2024-0135,PAYMENT_PROGRESS_MISMATCH,,
MP-DEL-2022-0072,PAYMENT_PROGRESS_MISMATCH,,
MP-BHR-2023-0135,PAYMENT_PROGRESS_MISMATCH,,
MP-KER-2023-0148,PAYMENT_PROGRESS_MISMATCH,,
MP-NAG-2022-0073,PAYMENT_PROGRESS_MISMATCH,,
MP-MP-2022-0092,PAYMENT_PROGRESS_MISMATCH,,
MP-UP-2023-0036,PAYMENT_PROGRESS_MISMATCH,,
MP-PUN-2023-0088,PAYMENT_PROGRESS_MISMATCH,,
MP-TEL-2024-0061,PAYMENT_PROGRESS_MISMATCH,,
MP-BHR-2023-0117,PAYMENT_PROGRESS_MISMATCH,,
MP-DEL-2025-0118,PAYMENT_PROGRESS_MISMATCH,,
MP-TEL-2022-0039,PAYMENT_PROGRESS_MISMATCH,,
MP-GUJ-2023-0109,PAYMENT_PROGRESS_MISMATCH,,
MP-PUN-2023-0069,PAYMENT_PROGRESS_MISMATCH,,
MP-ODI-2023-0082,PAYMENT_PROGRESS_MISMATCH,,
MP-TN-2024-0075,PAYMENT_PROGRESS_MISMATCH,,
MP-ODI-2023-0098,PAYMENT_PROGRESS_MISMATCH,,
MP-KAR-2025-0074,PAYMENT_PROGRESS_MISMATCH,,
MP-MP-2023-0026,PAYMENT_PROGRESS_MISMATCH,,
MP-KER-2023-0169,PAYMENT_PROGRESS_MISMATCH,,
MP-KAR-2025-0138,PAYMENT_PROGRESS_MISMATCH;CONTRACTOR_RISK_PATTERN,,contractor=Suraksha Associates
MP-TN-2024-0058,PAYMENT_PROGRESS_MISMATCH,,
MP-PUN-2024-0009,PAYMENT_PROGRESS_MISMATCH,,
MP-MH-2022-0113,PAYMENT_PROGRESS_MISMATCH,,
MP-GUJ-2022-0014,PAYMENT_PROGRESS_MISMATCH,,
MP-DEL-2024-0098,PAYMENT_PROGRESS_MISMATCH,,
MP-WB-2023-0078,PAYMENT_PROGRESS_MISMATCH,,
MP-KAR-2024-0187,PAYMENT_PROGRESS_MISMATCH,,
MP-KER-2022-0120,PAYMENT_PROGRESS_MISMATCH,,
MP-DEL-2024-0127,PAYMENT_PROGRESS_MISMATCH,,
MP-RAJ-2023-0101,PAYMENT_PROGRESS_MISMATCH,,
MP-TEL-2025-0126,PAYMENT_PROGRESS_MISMATCH,,
MP-ODI-2023-0192,PAYMENT_PROGRESS_MISMATCH,,
MP-UP-2025-0027,PAYMENT_PROGRESS_MISMATCH,,
MP-KER-2024-0035,PAYMENT_PROGRESS_MISMATCH,,
MP-PUN-2025-0119,PAYMENT_PROGRESS_MISMATCH,,
MP-PUN-2025-0072,PAYMENT_PROGRESS_MISMATCH,,
MP-MP-2023-0016,PAYMENT_PROGRESS_MISMATCH,,
MP-BHR-2025-0001,PAYMENT_PROGRESS_MISMATCH,,
MP-KER-2022-0006,PAYMENT_PROGRESS_MISMATCH,,
MP-KAR-2024-0052,PAYMENT_PROGRESS_MISMATCH,,
MP-BHR-2022-0085,PAYMENT_PROGRESS_MISMATCH,,
MP-MH-2025-0084,PAYMENT_PROGRESS_MISMATCH,,
MP-TN-2025-0061,PAYMENT_PROGRESS_MISMATCH,,
MP-ODI-2025-0023,PAYMENT_PROGRESS_MISMATCH,,
MP-TN-2024-0165,PAYMENT_PROGRESS_MISMATCH,,
MP-ASM-2023-0165,PAYMENT_PROGRESS_MISMATCH,,
MP-MP-2024-0064,PAYMENT_PROGRESS_MISMATCH,,
MP-TEL-2024-0010,PAYMENT_PROGRESS_MISMATCH,,
MP-BHR-2023-0162,PAYMENT_PROGRESS_MISMATCH,,
MP-UP-2023-0109,PAYMENT_PROGRESS_MISMATCH,,
MP-GUJ-2025-0083,PAYMENT_PROGRESS_MISMATCH,,
MP-TEL-2022-0090,PAYMENT_PROGRESS_MISMATCH,,
MP-TN-2023-0084,PAYMENT_PROGRESS_MISMATCH,,
MP-NAG-2025-0092,PAYMENT_PROGRESS_MISMATCH,,
MP-KAR-2022-0067,PAYMENT_PROGRESS_MISMATCH,,
MP-KAR-2025-0031,POSSIBLE_DUPLICATE,MP-KER-2025-0072,
MP-KER-2025-0072,POSSIBLE_DUPLICATE,MP-KAR-2025-0031,
MP-KAR-2025-0104,POSSIBLE_DUPLICATE,MP-DEL-2022-0036,
MP-DEL-2022-0036,POSSIBLE_DUPLICATE,MP-KAR-2025-0104,
MP-NAG-2025-0063,POSSIBLE_DUPLICATE,MP-MP-2023-0013,
MP-MP-2023-0013,POSSIBLE_DUPLICATE,MP-NAG-2025-0063,
MP-GUJ-2022-0056,POSSIBLE_DUPLICATE,MP-DEL-2023-0190,
MP-DEL-2023-0190,POSSIBLE_DUPLICATE,MP-GUJ-2022-0056,
MP-KER-2022-0015,POSSIBLE_DUPLICATE,MP-BHR-2022-0015,
MP-BHR-2022-0015,POSSIBLE_DUPLICATE,MP-KER-2022-0015,
MP-DEL-2024-0078,POSSIBLE_DUPLICATE,MP-TN-2023-0120,
MP-TN-2023-0120,POSSIBLE_DUPLICATE,MP-DEL-2024-0078,
MP-WB-2023-0129,POSSIBLE_DUPLICATE,MP-WB-2024-0027,
MP-WB-2024-0027,POSSIBLE_DUPLICATE,MP-WB-2023-0129,
MP-TEL-2023-0060,POSSIBLE_DUPLICATE,MP-PUN-2023-0070,
MP-PUN-2023-0070,POSSIBLE_DUPLICATE,MP-TEL-2023-0060,
MP-UP-2023-0032,POSSIBLE_DUPLICATE,MP-GUJ-2022-0018,
MP-GUJ-2022-0018,POSSIBLE_DUPLICATE,MP-UP-2023-0032,
MP-RAJ-2025-0135,POSSIBLE_DUPLICATE,MP-WB-2022-0046,
MP-WB-2022-0046,POSSIBLE_DUPLICATE,MP-RAJ-2025-0135,
MP-NAG-2022-0075,POSSIBLE_DUPLICATE,MP-TEL-2022-0003,
MP-TEL-2022-0003,POSSIBLE_DUPLICATE,MP-NAG-2022-0075,
MP-TN-2023-0081,POSSIBLE_DUPLICATE,MP-NAG-2023-0185,
MP-ASM-2025-0051,POSSIBLE_DUPLICATE,MP-MH-2024-0074,
MP-MH-2024-0074,POSSIBLE_DUPLICATE,MP-ASM-2025-0051,
MP-MH-2023-0018,POSSIBLE_DUPLICATE,MP-BHR-2025-0094,
MP-BHR-2025-0094,POSSIBLE_DUPLICATE,MP-MH-2023-0018,
MP-ODI-2023-0214,POSSIBLE_DUPLICATE,MP-KAR-2024-0202,
MP-KAR-2024-0202,POSSIBLE_DUPLICATE,MP-ODI-2023-0214,
MP-MH-2024-0155,POSSIBLE_DUPLICATE,MP-PUN-2024-0049,
MP-PUN-2024-0049,POSSIBLE_DUPLICATE,MP-MH-2024-0155,
MP-ASM-2023-0087,POSSIBLE_DUPLICATE,MP-KER-2024-0131,
MP-KER-2024-0131,POSSIBLE_DUPLICATE,MP-ASM-2023-0087,
MP-NAG-2024-0156,POSSIBLE_DUPLICATE,MP-MP-2023-0184,
MP-MP-2023-0184,POSSIBLE_DUPLICATE,MP-NAG-2024-0156,
MP-UP-2024-0026,POSSIBLE_DUPLICATE,MP-ASM-2024-0158,
MP-ASM-2024-0158,POSSIBLE_DUPLICATE,MP-UP-2024-0026,
MP-WB-2022-0071,POSSIBLE_DUPLICATE,MP-ODI-2023-0063,
MP-ODI-2023-0063,POSSIBLE_DUPLICATE,MP-WB-2022-0071,
MP-MH-2023-0034,POSSIBLE_DUPLICATE,MP-NAG-2023-0003,
MP-NAG-2023-0003,POSSIBLE_DUPLICATE,MP-MH-2023-0034,
MP-ODI-2025-0001,POSSIBLE_DUPLICATE,MP-KER-2023-0042,
MP-KER-2023-0042,POSSIBLE_DUPLICATE,MP-ODI-2025-0001,
MP-TN-2024-0018,POSSIBLE_DUPLICATE,MP-KER-2025-0033,
MP-KER-2025-0033,POSSIBLE_DUPLICATE,MP-TN-2024-0018,
MP-NAG-2025-0131,POSSIBLE_DUPLICATE,MP-KER-2025-0003,
MP-KER-2025-0003,POSSIBLE_DUPLICATE,MP-NAG-2025-0131,
MP-WB-2025-0044,POSSIBLE_DUPLICATE,MP-TEL-2025-0036,
MP-TEL-2025-0036,POSSIBLE_DUPLICATE,MP-WB-2025-0044,
MP-NAG-2022-0082,CONTRACTOR_RISK_PATTERN,,contractor=Apex Constructions 206
MP-WB-2024-0146,CONTRACTOR_RISK_PATTERN,,contractor=Apex Constructions 206
MP-UP-2024-0162,CONTRACTOR_RISK_PATTERN,,contractor=Apex Constructions 206
MP-MH-2025-0022,CONTRACTOR_RISK_PATTERN,,contractor=Apex Constructions 206
MP-GUJ-2024-0052,CONTRACTOR_RISK_PATTERN,,contractor=Apex Constructions 206
MP-TEL-2024-0150,CONTRACTOR_RISK_PATTERN,,contractor=Apex Constructions 206
MP-PUN-2025-0098,CONTRACTOR_RISK_PATTERN,,contractor=Apex Constructions 206
MP-WB-2023-0133,CONTRACTOR_RISK_PATTERN,,contractor=Apex Constructions 206
MP-TN-2024-0009,CONTRACTOR_RISK_PATTERN,,contractor=Apex Constructions 206
MP-KAR-2023-0102,CONTRACTOR_RISK_PATTERN,,contractor=Apex Constructions 206
MP-NAG-2024-0122,CONTRACTOR_RISK_PATTERN,,contractor=Suraksha Associates
MP-ODI-2024-0045,CONTRACTOR_RISK_PATTERN,,contractor=Suraksha Associates
MP-TEL-2023-0028,CONTRACTOR_RISK_PATTERN,,contractor=Suraksha Associates
MP-RAJ-2025-0137,CONTRACTOR_RISK_PATTERN,,contractor=Suraksha Associates
MP-PUN-2022-0016,CONTRACTOR_RISK_PATTERN,,contractor=Suraksha Associates
MP-KER-2023-0010,CONTRACTOR_RISK_PATTERN,,contractor=Suraksha Associates
MP-MP-2024-0145,CONTRACTOR_RISK_PATTERN,,contractor=Suraksha Associates
MP-DEL-2024-0060,CONTRACTOR_RISK_PATTERN,,contractor=Suraksha Associates
MP-ODI-2023-0069,CONTRACTOR_RISK_PATTERN,,contractor=Sanskar Associates
MP-NAG-2023-0152,CONTRACTOR_RISK_PATTERN,,contractor=Sanskar Associates
MP-MH-2025-0161,CONTRACTOR_RISK_PATTERN,,contractor=Sanskar Associates
MP-PUN-2023-0083,CONTRACTOR_RISK_PATTERN,,contractor=Sanskar Associates
MP-MP-2024-0080,CONTRACTOR_RISK_PATTERN,,contractor=Sanskar Associates
MP-ASM-2023-0186,CONTRACTOR_RISK_PATTERN,,contractor=Sanskar Associates
MP-TN-2024-0004,CONTRACTOR_RISK_PATTERN,,contractor=Sanskar Associates
MP-UP-2024-0139,CONTRACTOR_RISK_PATTERN,,contractor=Sanskar Associates
MP-NAG-2025-0056,CONTRACTOR_RISK_PATTERN,,contractor=Bharat Associates 84
MP-NAG-2025-0122,CONTRACTOR_RISK_PATTERN,,contractor=Bharat Associates 84
MP-UP-2024-0125,CONTRACTOR_RISK_PATTERN,,contractor=Bharat Associates 84
MP-GUJ-2024-0162,CONTRACTOR_RISK_PATTERN,,contractor=Bharat Associates 84
MP-GUJ-2024-0021,CONTRACTOR_RISK_PATTERN,,contractor=Bharat Associates 84
MP-TN-2024-0031,CONTRACTOR_RISK_PATTERN,,contractor=Bharat Associates 84
MP-NAG-2022-0011,CONTRACTOR_RISK_PATTERN,,contractor=Bharat Associates 84
MP-PUN-2025-0083,CONTRACTOR_RISK_PATTERN,,contractor=Bharat Associates 84
MP-KAR-2022-0062,CONTRACTOR_RISK_PATTERN,,contractor=Bharat Associates 84
MP-NAG-2023-0042,CONTRACTOR_RISK_PATTERN,,contractor=Metro Enterprises 213
MP-TN-2023-0100,CONTRACTOR_RISK_PATTERN,,contractor=Metro Enterprises 213
MP-KAR-2025-0057,CONTRACTOR_RISK_PATTERN,,contractor=Metro Enterprises 213
MP-TEL-2024-0100,CONTRACTOR_RISK_PATTERN,,contractor=Metro Enterprises 213
MP-PUN-2024-0120,CONTRACTOR_RISK_PATTERN,,contractor=Metro Enterprises 213
MP-ASM-2024-0165,CONTRACTOR_RISK_PATTERN,,contractor=Metro Enterprises 213
MP-MH-2023-0169,CONTRACTOR_RISK_PATTERN,,contractor=Metro Enterprises 213
MP-UP-2022-0019,CONTRACTOR_RISK_PATTERN,,contractor=Metro Enterprises 213
MP-PUN-2024-0044,CONTRACTOR_RISK_PATTERN,,contractor=Metro Enterprises 213
MP-TN-2023-0113,GEOGRAPHIC_CONCENTRATION,,cluster_type=COMMUNITY_HALL
MP-ASM-2022-0035,GEOGRAPHIC_CONCENTRATION,,cluster_type=COMMUNITY_HALL
MP-GUJ-2022-0089,GEOGRAPHIC_CONCENTRATION,,cluster_type=COMMUNITY_HALL
MP-KER-2025-0050,GEOGRAPHIC_CONCENTRATION,,cluster_type=COMMUNITY_HALL
MP-PUN-2023-0059,GEOGRAPHIC_CONCENTRATION,,cluster_type=COMMUNITY_HALL
MP-UP-2023-0024,GEOGRAPHIC_CONCENTRATION,,cluster_type=COMMUNITY_HALL
MP-UP-2024-0079,GEOGRAPHIC_CONCENTRATION,,cluster_type=COMMUNITY_HALL
MP-TN-2023-0097,GEOGRAPHIC_CONCENTRATION,,cluster_type=COMMUNITY_HALL
MP-DEL-2024-0129,GEOGRAPHIC_CONCENTRATION,,cluster_type=COMMUNITY_HALL
MP-ASM-2023-0185,GEOGRAPHIC_CONCENTRATION,,cluster_type=COMMUNITY_HALL
MP-MH-2024-0189,GEOGRAPHIC_CONCENTRATION,,cluster_type=LIGHTING
MP-PUN-2022-0106,GEOGRAPHIC_CONCENTRATION,,cluster_type=LIGHTING
MP-PUN-2024-0054,GEOGRAPHIC_CONCENTRATION,,cluster_type=LIGHTING
MP-MH-2022-0046,GEOGRAPHIC_CONCENTRATION,,cluster_type=LIGHTING
MP-UP-2022-0023,GEOGRAPHIC_CONCENTRATION,,cluster_type=LIGHTING
MP-UP-2024-0117,GEOGRAPHIC_CONCENTRATION,,cluster_type=LIGHTING
MP-KER-2024-0016,GEOGRAPHIC_CONCENTRATION,,cluster_type=LIGHTING
MP-MP-2023-0018,GEOGRAPHIC_CONCENTRATION,,cluster_type=LIGHTING
MP-ODI-2024-0115,GEOGRAPHIC_CONCENTRATION,,cluster_type=LIGHTING
MP-ODI-2024-0164,GEOGRAPHIC_CONCENTRATION,,cluster_type=LIGHTING
MP-UP-2022-0082,GEOGRAPHIC_CONCENTRATION,,cluster_type=ROAD
MP-GUJ-2025-0087,GEOGRAPHIC_CONCENTRATION,,cluster_type=ROAD
MP-KAR-2024-0077,GEOGRAPHIC_CONCENTRATION,,cluster_type=ROAD
MP-ODI-2023-0007,GEOGRAPHIC_CONCENTRATION,,cluster_type=ROAD
MP-GUJ-2023-0103,GEOGRAPHIC_CONCENTRATION,,cluster_type=ROAD
MP-DEL-2025-0142,GEOGRAPHIC_CONCENTRATION,,cluster_type=ROAD
MP-ASM-2025-0072,GEOGRAPHIC_CONCENTRATION,,cluster_type=ROAD
MP-ODI-2024-0155,GEOGRAPHIC_CONCENTRATION,,cluster_type=ROAD
MP-BHR-2025-0040,GEOGRAPHIC_CONCENTRATION,,cluster_type=ROAD
MP-MP-2024-0111,GEOGRAPHIC_CONCENTRATION,,cluster_type=ROAD
MP-MH-2025-0069,EVIDENCE_ANOMALY,,
MP-GUJ-2023-0084,EVIDENCE_ANOMALY,,
MP-KER-2022-0112,EVIDENCE_ANOMALY,,
MP-ASM-2022-0001,EVIDENCE_ANOMALY,,
MP-DEL-2025-0137,EVIDENCE_ANOMALY,,
MP-KAR-2024-0133,EVIDENCE_ANOMALY,,
MP-MP-2024-0119,EVIDENCE_ANOMALY,,
MP-RAJ-2024-0097,EVIDENCE_ANOMALY,,
MP-RAJ-2024-0038,EVIDENCE_ANOMALY,,
MP-MP-2023-0003,EVIDENCE_ANOMALY,,
MP-KAR-2022-0017,EVIDENCE_ANOMALY,,
MP-TEL-2022-0099,EVIDENCE_ANOMALY,,
MP-MP-2025-0104,EVIDENCE_ANOMALY,,
MP-NAG-2022-0014,EVIDENCE_ANOMALY,,
MP-MH-2022-0058,EVIDENCE_ANOMALY,,
MP-KER-2025-0090,EVIDENCE_ANOMALY,,
MP-DEL-2025-0091,EVIDENCE_ANOMALY,,
MP-KER-2025-0116,EVIDENCE_ANOMALY,,
MP-RAJ-2023-0087,EVIDENCE_ANOMALY,,
MP-KER-2022-0018,EVIDENCE_ANOMALY,,
MP-UP-2023-0053,EVIDENCE_ANOMALY,,
MP-TN-2025-0086,EVIDENCE_ANOMALY,,
MP-NAG-2023-0092,EVIDENCE_ANOMALY,,
MP-PUN-2023-0111,EVIDENCE_ANOMALY,,
MP-UP-2023-0040,EVIDENCE_ANOMALY,,
MP-DEL-2024-0077,EVIDENCE_ANOMALY,,
MP-MP-2025-0043,EVIDENCE_ANOMALY,,
MP-RAJ-2024-0063,EVIDENCE_ANOMALY,,
