ALLOCATED_AMT,CONSTITUENCY,HOUSE_NAME,HOUSE_OF_PARLIAMENT,MP_NAME,STATE_NAME,Sno,TENURE,TENURE_END_DATE,TENURE_START_DATE,Total_Amt
190289442.0,HINGOLI,Lok Sabha,2,AASHTIKAR PATIL NAGESH BAPURAO,Maharashtra,1,18th Lok Sabha,"Jun 3, 2029 11:59:59 PM","Jun 4, 2024 12:00:00 AM",
154773472.11,BARAMULLAH,Lok Sabha,2,ABDUL RASHID SHEIKH,Jammu And Kashmir,2,18th Lok Sabha,"Jun 3, 2029 11:59:59 PM","Jun 4, 2024 12:00:00 AM",
147000000.0,AURANGABAD_BR,Lok Sabha,2,ABHAY KUMAR SINHA,Bihar,3,18th Lok Sabha,"Jun 3, 2029 11:59:59 PM","Jun 4, 2024 12:00:00 AM",
147000000.0,TAMLUK,Lok Sabha,2,ABHIJIT GANGOPADHYAY,West Bengal,4,18th Lok Sabha,"Jun 3, 2029 11:59:59 PM","Jun 4, 2024 12:00:00 AM",
147000000.0,MURSHIDABAD,Lok Sabha,2,Abu Taher Khan,West Bengal,5,18th Lok Sabha,"Jun 3, 2029 11:59:59 PM","Jun 4, 2024 12:00:00 AM",
147000000.0,KANTHI,Lok Sabha,2,ADHIKARI SOUMENDU,West Bengal,6,18th Lok Sabha,"Jun 3, 2029 11:59:59 PM","Jun 4, 2024 12:00:00 AM",
147000000.0,BADAUN,Lok Sabha,2,ADITYA YADAV,Uttar Pradesh,7,18th Lok Sabha,"Jun 3, 2029 11:59:59 PM","Jun 4, 2024 12:00:00 AM",
147000000.0,ATTINGAL,Lok Sabha,2,Adv Adoor Prakash ,Kerala,8,18th Lok Sabha,"Jun 3, 2029 11:59:59 PM","Jun 4, 2024 12:00:00 AM",
147000000.0,IDUKKI,Lok Sabha,2,Adv Dean Kuriakose,Kerala,9,18th Lok Sabha,"Jun 3, 2029 11:59:59 PM","Jun 4, 2024 12:00:00 AM",
147816309.11,NANDURBAR(ST),Lok Sabha,2,ADV GOWAAL KAGADA PADAVI,Maharashtra,10,18th Lok Sabha,"Jun 3, 2029 11:59:59 PM","Jun 4, 2024 12:00:00 AM",
188722256.11,KOTTAYAM,Lok Sabha,2,ADV K FRANCIS GEORGE,Kerala,11,18th Lok Sabha,"Jun 3, 2029 11:59:59 PM","Jun 4, 2024 12:00:00 AM",
220500000.0,GHAZIPUR,Lok Sabha,2,AFZAL ANSARI,Uttar Pradesh,12,18th Lok Sabha,"Jun 3, 2029 11:59:59 PM","Jun 4, 2024 12:00:00 AM",
147000000.0,SRINAGAR,Lok Sabha,2,AGA SYED RUHULLAH MEHDI,Jammu And Kashmir,13,18th Lok Sabha,"Jun 3, 2029 11:59:59 PM","Jun 4, 2024 12:00:00 AM",
147000000.0,NAINITAL UDHAM SINGH NAG.,Lok Sabha,2,Ajay Bhatt,Uttarakhand,14,18th Lok Sabha,"Jun 3, 2029 11:59:59 PM","Jun 4, 2024 12:00:00 AM",
147000000.0,BHAGALPUR,Lok Sabha,2,Ajay Kumar Mandal,Bihar,15,18th Lok Sabha,"Jun 3, 2029 11:59:59 PM","Jun 4, 2024 12:00:00 AM",
147000000.0,ALMORA(SC),Lok Sabha,2,Ajay Tamta,Uttarakhand,16,18th Lok Sabha,"Jun 3, 2029 11:59:59 PM","Jun 4, 2024 12:00:00 AM",
147000000.0,HAMIRPUR_UP,Lok Sabha,2,AJENDRA SINGH LODHI,Uttar Pradesh,17,18th Lok Sabha,"Jun 4, 2029 11:59:59 PM","Jun 4, 2024 12:00:00 AM",
147000000.0,KANNAUJ,Lok Sabha,2,AKHILESH YADAV,Uttar Pradesh,18,18th Lok Sabha,"Jun 3, 2029 11:59:59 PM","Jun 4, 2024 12:00:00 AM",
147000000.0,FIROZABAD,Lok Sabha,2,AKSHAYA YADAV,Uttar Pradesh,19,18th Lok Sabha,"Jun 3, 2029 11:59:59 PM","Jun 4, 2024 12:00:00 AM",
147000000.0,OUTER MANIPUR(ST),Lok Sabha,2,ALFRED KANNGAM S ARTHUR,Manipur,20,18th Lok Sabha,"Jun 3, 2029 11:59:59 PM","Jun 4, 2024 12:00:00 AM",
147000000.0,GOPALGANJ (SC),Lok Sabha,2,Alok Kumar Suman,Bihar,21,18th Lok Sabha,"Jun 3, 2029 11:59:59 PM","Jun 4, 2024 12:00:00 AM",
147000000.0,BHOPAL,Lok Sabha,2,ALOK SHARMA,Madhya Pradesh,22,18th Lok Sabha,"Jun 3, 2029 11:59:59 PM","Jun 4, 2024 12:00:00 AM",
147000000.0,WARDHA,Lok Sabha,2,AMAR SHARADRAO KALE,Maharashtra,23,18th Lok Sabha,"Jun 3, 2029 11:59:59 PM","Jun 4, 2024 12:00:00 AM",
147000000.0,Diphu (ST),Lok Sabha,2,AMARSING TISSO,Assam,24,18th Lok Sabha,"Jun 3, 2029 11:59:59 PM","Jun 4, 2024 12:00:00 AM",
201899064.11,ANANTAPUR,Lok Sabha,2,AMBICA G LAKSHMINARAYANA VALMIKI,Andhra Pradesh,25,18th Lok Sabha,"Jun 3, 2029 11:59:59 PM","Jun 4, 2024 12:00:00 AM",
147000000.0,SHIRUR,Lok Sabha,2,Amol Ramsing Kolhe,Maharashtra,26,18th Lok Sabha,"Jun 3, 2029 11:59:59 PM","Jun 4, 2024 12:00:00 AM",
165691544.11,SIKAR,Lok Sabha,2,AMRARAM,Rajasthan,27,18th Lok Sabha,"Jun 3, 2029 11:59:59 PM","Jun 4, 2024 12:00:00 AM",
147000000.0,LUDHIANA,Lok Sabha,2,AMRINDER SINGH RAJA WARRING,Punjab,28,18th Lok Sabha,"Jun 3, 2029 11:59:59 PM","Jun 4, 2024 12:00:00 AM",
147000000.0,DHAURAHRA,Lok Sabha,2,ANAND BHADAURIYA,Uttar Pradesh,29,18th Lok Sabha,"Jun 3, 2029 11:59:59 PM","Jun 4, 2024 12:00:00 AM",
147000000.0,BAHRAICH(SC),Lok Sabha,2,ANAND KUMAR,Uttar Pradesh,30,18th Lok Sabha,"Jun 4, 2029 11:59:59 PM","Jun 4, 2024 12:00:00 AM",
147000000.0,KEONJHAR(ST),Lok Sabha,2,ANANTA NAYAK,Odisha,31,18th Lok Sabha,"Jun 3, 2029 11:59:59 PM","Jun 4, 2024 12:00:00 AM",
147000000.0,NILGIRIS(SC),Lok Sabha,2,Andimuthu Raja,Tamil Nadu,32,18th Lok Sabha,"Jun 3, 2029 11:59:59 PM","Jun 4, 2024 12:00:00 AM",
98000000.0,SHILLONG,Lok Sabha,2,ANDREW J. SYNGKON,Meghalaya,33,18th Lok Sabha,"Jun 3, 2029 11:59:59 PM","Jun 4, 2024 12:00:00 AM",
147000000.0,INNER MANIPUR,Lok Sabha,2,ANGOMCHA BIMOL AKOIJAM,Manipur,34,18th Lok Sabha,"Jun 3, 2029 11:59:59 PM","Jun 4, 2024 12:00:00 AM",
147000000.0,GARHWAL,Lok Sabha,2,ANIL BALUNI,Uttarakhand,35,18th Lok Sabha,"Jun 3, 2029 11:59:59 PM","Jun 4, 2024 12:00:00 AM",
147000000.0,MUMBAI SOUTH CENTRAL,Lok Sabha,2,ANIL YESHWANT DESAI,Maharashtra,36,18th Lok Sabha,"Jun 3, 2029 11:59:59 PM","Jun 4, 2024 12:00:00 AM",
147000000.0,RATLAM(ST),Lok Sabha,2,ANITA NAGARSINGH CHOUHAN,Madhya Pradesh,37,18th Lok Sabha,"Jun 3, 2029 11:59:59 PM","Jun 4, 2024 12:00:00 AM",
147000000.0,ASKA,Lok Sabha,2,ANITA SUBHADARSHINI,Odisha,38,18th Lok Sabha,"Jun 3, 2029 12:00:00 AM","Jun 4, 2024 12:00:00 AM",
166665931.8,KODARMA,Lok Sabha,2,Annpurna Devi ,Jharkhand,39,18th Lok Sabha,"Jun 3, 2029 11:59:59 PM","Jun 4, 2024 12:00:00 AM",
147000000.0,HATHRAS (SC),Lok Sabha,2,ANOOP PRADHAN BALMIKI,Uttar Pradesh,40,18th Lok Sabha,"Jun 3, 2029 11:59:59 PM","Jun 4, 2024 12:00:00 AM",
147000000.0,PATHANAMTHITTA,Lok Sabha,2,Anto Antony,Kerala,41,18th Lok Sabha,"Jun 3, 2029 11:59:59 PM","Jun 4, 2024 12:00:00 AM",
147000000.0,AKOLA,Lok Sabha,2,ANUP SANJAY DHOTRE,Maharashtra,42,18th Lok Sabha,"Jun 3, 2029 11:59:59 PM","Jun 4, 2024 12:00:00 AM",
147000000.0,JHANSI,Lok Sabha,2,Anurag Sharma ,Uttar Pradesh,43,18th Lok Sabha,"Jun 3, 2029 11:59:59 PM","Jun 4, 2024 12:00:00 AM",
149570117.11,HAMIRPUR_HP,Lok Sabha,2,Anurag Singh Thakur,Himachal Pradesh,44,18th Lok Sabha,"Jun 3, 2029 11:59:59 PM","Jun 4, 2024 12:00:00 AM",
147000000.0,VIZIANAGARAM,Lok Sabha,2,Appalanaidu Kalisetti,Andhra Pradesh,45,18th Lok Sabha,"Jun 3, 2029 11:59:59 PM","Jun 4, 2024 12:00:00 AM",
194924621.11,JAMUI(SC),Lok Sabha,2,ARUN BHARTI,Bihar,46,18th Lok Sabha,"Jun 3, 2029 11:59:59 PM","Jun 4, 2024 12:00:00 AM",
147000000.0,MEERUT,Lok Sabha,2,ARUN GOVIL,Uttar Pradesh,47,18th Lok Sabha,"Jun 3, 2029 11:59:59 PM","Jun 4, 2024 12:00:00 AM",
147000000.0,PERAMBALUR,Lok Sabha,2,ARUN NEHRU,Tamil Nadu,48,18th Lok Sabha,"Jun 3, 2029 11:59:59 PM","Jun 4, 2024 12:00:00 AM",
147000000.0,MAHABUBNAGAR,Lok Sabha,2,ARUNA. D. K,Telangana,49,18th Lok Sabha,"Jun 3, 2029 11:59:59 PM","Jun 4, 2024 12:00:00 AM",
147000000.0,BANKURA,Lok Sabha,2,ARUP CHAKRABORTY,West Bengal,50,18th Lok Sabha,"Jun 3, 2029 11:59:59 PM","Jun 4, 2024 12:00:00 AM",
281396355.11,NIZAMABAD,Lok Sabha,2,Arvind Dharmapuri,Telangana,51,18th Lok Sabha,"Jun 3, 2029 11:59:59 PM","Jun 4, 2024 12:00:00 AM",
147000000.0,MUMBAI SOUTH,Lok Sabha,2,Arvind Ganpat Sawant,Maharashtra,52,18th Lok Sabha,"Jun 3, 2029 11:59:59 PM","Jun 4, 2024 12:00:00 AM",
147000000.0,HYDERABAD,Lok Sabha,2,Asaduddin Owaisi,Telangana,53,18th Lok Sabha,"Jun 3, 2029 11:59:59 PM","Jun 4, 2024 12:00:00 AM",
147000000.0,JABALPUR,Lok Sabha,2,ASHISH DUBEY,Madhya Pradesh,54,18th Lok Sabha,"Jun 3, 2029 11:59:59 PM","Jun 4, 2024 12:00:00 AM",
147000000.0,MISRIKH(SC),Lok Sabha,2,Ashok Kumar Rawat,Uttar Pradesh,55,18th Lok Sabha,"Jun 3, 2029 11:59:59 PM","Jun 4, 2024 12:00:00 AM",
147000000.0,MADHUBANI,Lok Sabha,2,Ashok Kumar Yadav ,Bihar,56,18th Lok Sabha,"Jun 3, 2029 11:59:59 PM","Jun 4, 2024 12:00:00 AM",
275694456.74,BOLPUR(SC),Lok Sabha,2,Asit Kumar Mal ,West Bengal,57,18th Lok Sabha,"Jun 3, 2029 11:59:59 PM","Jun 4, 2024 12:00:00 AM",
155336470.0,GHAZIABAD,Lok Sabha,2,ATUL GARG,Uttar Pradesh,58,18th Lok Sabha,"Jun 3, 2029 11:59:59 PM","Jun 4, 2024 12:00:00 AM",
147000000.0,BHADRAK(SC),Lok Sabha,2,AVIMANYU SETHI,Odisha,59,18th Lok Sabha,"Jun 3, 2029 11:59:59 PM","Jun 4, 2024 12:00:00 AM",
147000000.0,FAIZABAD,Lok Sabha,2,AWADHESH PRASAD,Uttar Pradesh,60,18th Lok Sabha,"Jun 3, 2029 11:59:59 PM","Jun 4, 2024 12:00:00 AM",
179658399.98,BARDHAMAN-DURGAPUR,Lok Sabha,2,AZAD KIRTI JHA,West Bengal,61,18th Lok Sabha,"Jun 3, 2029 11:59:59 PM","Jun 4, 2024 12:00:00 AM",
160491894.11,HINDUPUR,Lok Sabha,2,B K PARTHASARATHI,Andhra Pradesh,62,18th Lok Sabha,"Jun 3, 2029 11:59:59 PM","Jun 4, 2024 12:00:00 AM",
147000000.0,JAUNPUR,Lok Sabha,2,BABU SINGH KUSHWAHA,Uttar Pradesh,63,18th Lok Sabha,"Jun 3, 2029 11:59:59 PM","Jun 4, 2024 12:00:00 AM",
147000000.0,DHULE,Lok Sabha,2,BACHHAV SHOBHA DINESH,Maharashtra,64,18th Lok Sabha,"Jun 3, 2029 11:59:59 PM","Jun 4, 2024 12:00:00 AM",
147000000.0,ARAMBAG(SC),Lok Sabha,2,BAG MITALI,West Bengal,65,18th Lok Sabha,"Jun 3, 2029 11:59:59 PM","Jun 4, 2024 12:00:00 AM",
147000000.0,KENDRAPARA,Lok Sabha,2,BAIJAYANT PANDA,Odisha,66,18th Lok Sabha,"Jun 3, 2029 11:59:59 PM","Jun 4, 2024 12:00:00 AM",
165899107.19,BEED,Lok Sabha,2,BAJRANG MANOHAR SONWANE,Maharashtra,67,18th Lok Sabha,"Jun 3, 2029 11:59:59 PM","Jun 4, 2024 12:00:00 AM",
147413962.11,NABARANGPUR(ST),Lok Sabha,2,BALABHADRA MAJHI,Odisha,68,18th Lok Sabha,"Jun 3, 2029 11:59:59 PM","Jun 4, 2024 12:00:00 AM",
147000000.0,MACHILIPATNAM,Lok Sabha,2,Balashowry Vallabbhaneni,Andhra Pradesh,69,18th Lok Sabha,"Jun 3, 2029 11:59:59 PM","Jun 4, 2024 12:00:00 AM",
147000000.0,MAHABUBABAD,Lok Sabha,2,BALRAM NAIK PORIKA,Telangana,70,18th Lok Sabha,"Jun 3, 2029 11:59:59 PM","Jun 4, 2024 12:00:00 AM",
198293678.0,AMRAVATI(SC),Lok Sabha,2,BALWANT BASWANT WANKHADE,Maharashtra,71,18th Lok Sabha,"Jun 3, 2029 11:59:59 PM","Jun 4, 2024 12:00:00 AM",
147000000.0,BHIWANDI,Lok Sabha,2,BALYA MAMA SURESH GOPINATH MHATRE,Maharashtra,72,18th Lok Sabha,"Jun 3, 2029 11:59:59 PM","Jun 4, 2024 12:00:00 AM",
154306950.0,NEW DELHI,Lok Sabha,2,Bansuri Swaraj,Delhi,73,18th Lok Sabha,"Jun 3, 2029 11:59:59 PM","Jun 4, 2024 12:00:00 AM",
147000000.0,MATHURAPUR(SC),Lok Sabha,2,BAPI HALDAR,West Bengal,74,18th Lok Sabha,"Jun 3, 2029 11:59:59 PM","Jun 4, 2024 12:00:00 AM",
147000000.0,HAVERI,Lok Sabha,2,BASAVARAJ BOMMAI,Karnataka,75,18th Lok Sabha,"Jun 3, 2029 11:59:59 PM","Jun 4, 2024 12:00:00 AM",
159998515.11,KURNOOL,Lok Sabha,2,BASTIPATI NAGARAJU PANCHALINGALA,Andhra Pradesh,76,18th Lok Sabha,"Jun 3, 2029 11:59:59 PM","Jun 4, 2024 12:00:00 AM",
147000000.0,AJMER,Lok Sabha,2,Bhagirath Chaudhary,Rajasthan,77,18th Lok Sabha,"Jun 3, 2029 11:59:59 PM","Jun 4, 2024 12:00:00 AM",
147000000.0,KARAULI-DHOLPUR(SC),Lok Sabha,2,BHAJAN LAL JATAV,Rajasthan,78,18th Lok Sabha,"Jun 3, 2029 11:59:59 PM","Jun 4, 2024 12:00:00 AM",
151455276.04,GWALIOR,Lok Sabha,2,BHARAT SINGH KUSHWAH,Madhya Pradesh,79,18th Lok Sabha,"Jun 3, 2029 11:59:59 PM","Jun 4, 2024 12:00:00 AM",
147000000.0,AMRELI,Lok Sabha,2,BHARATBHAI MANUBHAI SUTARIYA,Gujarat,80,18th Lok Sabha,"Jun 3, 2029 11:59:59 PM","Jun 4, 2024 12:00:00 AM",
147000000.0,PATAN,Lok Sabha,2,Bharatsinhji Shankarji Dabhi,Gujarat,81,18th Lok Sabha,"Jun 3, 2029 11:59:59 PM","Jun 4, 2024 12:00:00 AM",
154398389.01,BALAGHAT,Lok Sabha,2,BHARTI PARDHI,Madhya Pradesh,82,18th Lok Sabha,"Jun 3, 2029 11:59:59 PM","Jun 4, 2024 12:00:00 AM",
147000000.0,DINDORI(ST),Lok Sabha,2,BHASKAR MURLIDHAR BHAGARE,Maharashtra,83,18th Lok Sabha,"Jun 3, 2029 11:59:59 PM","Jun 4, 2024 12:00:00 AM",
147000000.0,SHIRDI(SC),Lok Sabha,2,BHAUSAHEB RAJARAM WAKCHAURE,Maharashtra,84,18th Lok Sabha,"Jun 3, 2029 11:59:59 PM","Jun 4, 2024 12:00:00 AM",
164672734.11,KANKER(ST),Lok Sabha,2,BHOJRAJ NAG,Chhattisgarh,85,18th Lok Sabha,"Jun 3, 2029 11:59:59 PM","Jun 4, 2024 12:00:00 AM",
147000000.0,BULANDSHAHR(SC),Lok Sabha,2,Bhola Singh,Uttar Pradesh,86,18th Lok Sabha,"Jun 3, 2029 11:59:59 PM","Jun 4, 2024 12:00:00 AM",
147000000.0,AURANGABAD_MH,Lok Sabha,2,BHUMARE SANDIPANRAO ASARAM,Maharashtra,87,18th Lok Sabha,"Jun 3, 2029 11:59:59 PM","Jun 4, 2024 12:00:00 AM",
147000000.0,NARASAPURAM,Lok Sabha,2,Bhupathiraju Srinivasa varma,Andhra Pradesh,88,18th Lok Sabha,"Jun 3, 2029 11:59:59 PM","Jun 4, 2024 12:00:00 AM",
147000000.0,ALWAR,Lok Sabha,2,BHUPENDER YADAV,Rajasthan,89,18th Lok Sabha,"Jun 3, 2029 11:59:59 PM","Jun 4, 2024 12:00:00 AM",
147000000.0,JAGATSINGHPUR(SC),Lok Sabha,2,BIBHU PRASAD TARAI,Odisha,90,18th Lok Sabha,"Jun 3, 2029 11:59:59 PM","Jun 4, 2024 12:00:00 AM",
147000000.0,JAMSHEDPUR,Lok Sabha,2,Bidyut Baran Mahato,Jharkhand,91,18th Lok Sabha,"Jun 3, 2029 11:59:59 PM","Jun 4, 2024 12:00:00 AM",
147000000.0,GUWAHATI,Lok Sabha,2,BIJULI KALITA MEDHI,Assam,92,18th Lok Sabha,"Jun 3, 2029 11:59:59 PM","Jun 4, 2024 12:00:00 AM",
147000000.0,TRIPURA WEST,Lok Sabha,2,BIPLAB KUMAR DEB,Tripura,93,18th Lok Sabha,"Jun 3, 2029 11:59:59 PM","Jun 4, 2024 12:00:00 AM",
147000000.0,ANDAMAN AND NICOBAR ISLANDS,Lok Sabha,2,BISHNU PADA RAY,Andaman And Nicobar Islands,94,18th Lok Sabha,"Jun 3, 2029 11:59:59 PM","Jun 4, 2024 12:00:00 AM",
147000000.0,JHUNJHUNU,Lok Sabha,2,BRIJENDRA SINGH OLA,Rajasthan,95,18th Lok Sabha,"Jun 3, 2029 11:59:59 PM","Jun 4, 2024 12:00:00 AM",
153766451.11,RAIPUR,Lok Sabha,2,BRIJMOHAN AGRAWAL,Chhattisgarh,96,18th Lok Sabha,"Jun 3, 2029 11:59:59 PM","Jun 4, 2024 12:00:00 AM",
147000000.0,CHHINDWARA,Lok Sabha,2,BUNTY VIVEK SAHU,Madhya Pradesh,97,18th Lok Sabha,"Jun 3, 2029 11:59:59 PM","Jun 4, 2024 12:00:00 AM",
158532494.36,NAVSARI,Lok Sabha,2,C R Patil,Gujarat,98,18th Lok Sabha,"Jun 3, 2029 11:59:59 PM","Jun 4, 2024 12:00:00 AM",
202531656.11,ANAKAPALLE,Lok Sabha,2,C.M.RAMESH,Andhra Pradesh,99,18th Lok Sabha,"Jun 3, 2029 11:59:59 PM","Jun 4, 2024 12:00:00 AM",
147000000.0,DAKSHINA KANNADA,Lok Sabha,2,CAPTAIN BRIJESH CHOWTA,Karnataka,100,18th Lok Sabha,"Jun 3, 2029 11:59:59 PM","Jun 4, 2024 12:00:00 AM",
147000000.0,SOUTH GOA,Lok Sabha,2,CAPTAIN VIRIATO FERNANDES,Goa,101,18th Lok Sabha,"Jun 3, 2029 11:59:59 PM","Jun 4, 2024 12:00:00 AM",
147000000.0,BHONGIR,Lok Sabha,2,CHAMALA KIRAN KUMAR REDDY,Telangana,102,18th Lok Sabha,"Jun 3, 2029 11:59:59 PM","Jun 4, 2024 12:00:00 AM",
147000000.0,BIJNOR,Lok Sabha,2,CHANDAN CHAUHAN,Uttar Pradesh,103,18th Lok Sabha,"Jun 3, 2029 11:59:59 PM","Jun 4, 2024 12:00:00 AM",
147000000.0,CHITTORGARH,Lok Sabha,2,Chandra Prakash Joshi,Rajasthan,104,18th Lok Sabha,"Jun 3, 2029 11:59:59 PM","Jun 4, 2024 12:00:00 AM",
147000000.0,NAGINA(SC),Lok Sabha,2,CHANDRA SHEKHAR,Uttar Pradesh,105,18th Lok Sabha,"Jun 3, 2029 11:59:59 PM","Jun 4, 2024 12:00:00 AM",
147000000.0,SURENDRANAGAR,Lok Sabha,2,CHANDUBHAI CHHAGANBHAI SHIHORA,Gujarat,106,18th Lok Sabha,"Jun 3, 2029 11:59:59 PM","Jun 4, 2024 12:00:00 AM",
147000000.0,JALANDHAR(SC),Lok Sabha,2,CHARANJIT SINGH CHANNI,Punjab,107,18th Lok Sabha,"Jun 3, 2029 11:59:59 PM","Jun 4, 2024 12:00:00 AM",
0.0,NANDED,Lok Sabha,2,CHAVAN VASANTRAO BALWANTRAO,Maharashtra,108,18th Lok Sabha,"Aug 26, 2024 11:59:59 PM","Jun 4, 2024 12:00:00 AM",
147000000.0,BAREILLY,Lok Sabha,2,CHHATRA PAL SINGH GANGWAR,Uttar Pradesh,109,18th Lok Sabha,"Jun 3, 2029 11:59:59 PM","Jun 4, 2024 12:00:00 AM",
147000000.0,KOLHAPUR,Lok Sabha,2,CHHATRAPATI SHAHU SHAHAJI,Maharashtra,110,18th Lok Sabha,"Jun 3, 2029 11:59:59 PM","Jun 4, 2024 12:00:00 AM",
147000000.0,ROBERTSGANJ(SC),Lok Sabha,2,CHHOTELAL,Uttar Pradesh,111,18th Lok Sabha,"Jun 3, 2029 11:59:59 PM","Jun 4, 2024 12:00:00 AM",
147000000.0,SARGUJA(ST),Lok Sabha,2,CHINTAMANI MAHARAJ,Chhattisgarh,112,18th Lok Sabha,"Jun 3, 2029 12:00:00 AM","Jun 4, 2024 12:00:00 AM",
147000000.0,HAJIPUR(SC),Lok Sabha,2,CHIRAG PASWAN,Bihar,113,18th Lok Sabha,"Jun 3, 2029 11:59:59 PM","Jun 4, 2024 12:00:00 AM",
148579509.11,TIRUVANNAMALAI,Lok Sabha,2,CN Annadurai,Tamil Nadu,114,18th Lok Sabha,"Jun 3, 2029 11:59:59 PM","Jun 4, 2024 12:00:00 AM",
160196941.11,VELLORE,Lok Sabha,2,D M Kathir Anand,Tamil Nadu,115,18th Lok Sabha,"Jun 3, 2029 11:59:59 PM","Jun 4, 2024 12:00:00 AM",
197598306.11,VILUPPURAM(SC),Lok Sabha,2,D Ravikumar ,Tamil Nadu,116,18th Lok Sabha,"Jun 3, 2029 11:59:59 PM","Jun 4, 2024 12:00:00 AM",
147000000.0,RAJAHMUNDRY,Lok Sabha,2,Daggubati Purandeshwari,Andhra Pradesh,117,18th Lok Sabha,"Jun 3, 2029 11:59:59 PM","Jun 4, 2024 12:00:00 AM",
147000000.0,CHITTOOR,Lok Sabha,2,DAGGUMALLA PRASADA RAO,Andhra Pradesh,118,18th Lok Sabha,"Jun 3, 2029 11:59:59 PM","Jun 4, 2024 12:00:00 AM",
147000000.0,BHILWARA,Lok Sabha,2,DAMODAR AGARWAL,Rajasthan,119,18th Lok Sabha,"Jun 3, 2029 11:59:59 PM","Jun 4, 2024 12:00:00 AM",
147000000.0,LALGANJ (SC),Lok Sabha,2,DAROGA PRASAD SAROJ,Uttar Pradesh,120,18th Lok Sabha,"Jun 3, 2029 11:59:59 PM","Jun 4, 2024 12:00:00 AM",
147000000.0,HOSHANGABAD,Lok Sabha,2,DARSHAN SINGH CHOUDHARY,Madhya Pradesh,121,18th Lok Sabha,"Jun 3, 2029 11:59:59 PM","Jun 4, 2024 12:00:00 AM",
147000000.0,ROHTAK,Lok Sabha,2,DEEPENDER SINGH HOODA,Haryana,122,18th Lok Sabha,"Jun 3, 2029 11:59:59 PM","Jun 4, 2024 12:00:00 AM",
147000000.0,AKBARPUR,Lok Sabha,2,Devendra Alias Bhole Singh,Uttar Pradesh,123,18th Lok Sabha,"Jun 3, 2029 11:59:59 PM","Jun 4, 2024 12:00:00 AM",
163809205.11,SITAMARHI,Lok Sabha,2,DEVESH CHANDRA THAKUR,Bihar,124,18th Lok Sabha,"Jun 3, 2029 11:59:59 PM","Jun 4, 2024 12:00:00 AM",
147000000.0,ETAH,Lok Sabha,2,DEVESH SHAKYA,Uttar Pradesh,125,18th Lok Sabha,"Jun 3, 2029 11:59:59 PM","Jun 4, 2024 12:00:00 AM",
147000000.0,KHEDA,Lok Sabha,2,Devusinh Jesingbhai Chauhan,Gujarat,126,18th Lok Sabha,"Jun 4, 2029 11:59:59 PM","Jun 4, 2024 12:00:00 AM",
147000000.0,HATKANANGLE,Lok Sabha,2,Dhairyasheel Sambhajirao Mane,Maharashtra,127,18th Lok Sabha,"Jun 3, 2029 11:59:59 PM","Jun 4, 2024 12:00:00 AM",
147000000.0,CHANDRAPUR,Lok Sabha,2,DHANORKAR PRATIBHA SURESH ALIAS BALUBHAU,Maharashtra,128,18th Lok Sabha,"Jun 3, 2029 11:59:59 PM","Jun 4, 2024 12:00:00 AM",
147000000.0,SAMBALPUR,Lok Sabha,2,DHARMENDRA PRADHAN,Odisha,129,18th Lok Sabha,"Jun 3, 2029 11:59:59 PM","Jun 4, 2024 12:00:00 AM",
147000000.0,AZAMGARH,Lok Sabha,2,DHARMENDRA YADAV,Uttar Pradesh,130,18th Lok Sabha,"Jun 3, 2029 11:59:59 PM","Jun 4, 2024 12:00:00 AM",
147000000.0,VALSAD(ST),Lok Sabha,2,DHAVAL LAXMANBHAI PATEL,Gujarat,131,18th Lok Sabha,"Jun 3, 2029 11:59:59 PM","Jun 4, 2024 12:00:00 AM",
150450930.89,SUPAUL,Lok Sabha,2,Dileshwar Kamait ,Bihar,132,18th Lok Sabha,"Jun 3, 2029 11:59:59 PM","Jun 4, 2024 12:00:00 AM",
147000000.0,Darrang-Udalguri,Lok Sabha,2,Dilip Saikia,Assam,133,18th Lok Sabha,"Jun 3, 2029 11:59:59 PM","Jun 4, 2024 12:00:00 AM",
150070866.11,MADHEPURA,Lok Sabha,2,Dinesh Chandra Yadav,Bihar,134,18th Lok Sabha,"Jun 3, 2029 11:59:59 PM","Jun 4, 2024 12:00:00 AM",
160434965.11,AHMEDABAD WEST(SC),Lok Sabha,2,DINESHBHAI MAKWANA,Gujarat,135,18th Lok Sabha,"Jun 3, 2029 11:59:59 PM","Jun 4, 2024 12:00:00 AM",
150675889.11,NANDYAL,Lok Sabha,2,DR BYREDDY SHABARI,Andhra Pradesh,136,18th Lok Sabha,"Jun 3, 2029 11:59:59 PM","Jun 4, 2024 12:00:00 AM",
147000000.0,BANGALORE RURAL,Lok Sabha,2,DR C N MANJUNATH,Karnataka,137,18th Lok Sabha,"Jun 3, 2029 11:59:59 PM","Jun 4, 2024 12:00:00 AM",
159774113.11,GUNTUR,Lok Sabha,2,Dr Chandra Sekhar Pemmasani,Andhra Pradesh,138,18th Lok Sabha,"Jun 3, 2029 11:59:59 PM","Jun 4, 2024 12:00:00 AM",
147000000.0,PATIALA,Lok Sabha,2,DR DHARAMVIRA GANDHI,Punjab,139,18th Lok Sabha,"Jun 3, 2029 11:59:59 PM","Jun 4, 2024 12:00:00 AM",
147000000.0,JALPAIGURI(SC),Lok Sabha,2,Dr Jayanta Kumar Roy,West Bengal,140,18th Lok Sabha,"Jun 3, 2029 11:59:59 PM","Jun 4, 2024 12:00:00 AM",
147000000.0,LATUR(SC),Lok Sabha,2,DR KALGE SHIVAJI BANDAPPA,Maharashtra,141,18th Lok Sabha,"Jun 3, 2029 11:59:59 PM","Jun 4, 2024 12:00:00 AM",
148669229.11,KISHANGANJ,Lok Sabha,2,Dr Mohammad Jawed,Bihar,142,18th Lok Sabha,"Jun 3, 2029 11:59:59 PM","Jun 4, 2024 12:00:00 AM",
147000000.0,BAGHPAT,Lok Sabha,2,DR RAJKUMAR SANGWAN,Uttar Pradesh,143,18th Lok Sabha,"Jun 3, 2029 11:59:59 PM","Jun 4, 2024 12:00:00 AM",
153060922.82,TENKASI(SC),Lok Sabha,2,DR RANI SRI KUMAR,Tamil Nadu,144,18th Lok Sabha,"Jun 3, 2029 11:59:59 PM","Jun 4, 2024 12:00:00 AM",
147000000.0,THIRUVANANTHAPURAM,Lok Sabha,2,Dr Shashi Tharoor,Kerala,145,18th Lok Sabha,"Jun 3, 2029 11:59:59 PM","Jun 4, 2024 12:00:00 AM",
157085364.9,BALURGHAT,Lok Sabha,2,Dr Sukanta Majumdar ,West Bengal,146,18th Lok Sabha,"Jun 3, 2029 11:59:59 PM","Jun 4, 2024 12:00:00 AM",
147000000.0,VADODARA,Lok Sabha,2,DR. HEMANG JOSHI,Gujarat,147,18th Lok Sabha,"Jun 3, 2029 11:59:59 PM","Jun 4, 2024 12:00:00 AM",
147000000.0,PALGHAR(ST),Lok Sabha,2,DR. HEMANT VISHNU SAVARA,Maharashtra,148,18th Lok Sabha,"Jun 3, 2029 11:59:59 PM","Jun 4, 2024 12:00:00 AM",
147000000.0,GADCHIROLI-CHIMUR(ST),Lok Sabha,2,DR. KIRSAN NAMDEO,Maharashtra,149,18th Lok Sabha,"Jun 3, 2029 11:59:59 PM","Jun 4, 2024 12:00:00 AM",
147000000.0,SAGAR,Lok Sabha,2,DR. LATA WANKHEDE,Madhya Pradesh,150,18th Lok Sabha,"Jun 3, 2029 11:59:59 PM","Jun 4, 2024 12:00:00 AM",
170434031.11,PONNANI,Lok Sabha,2,DR. M.P ABDUSSAMAD SAMADANI,Kerala,151,18th Lok Sabha,"Jun 3, 2029 11:59:59 PM","Jun 4, 2024 12:00:00 AM",
147000000.0,PORBANDAR,Lok Sabha,2,DR. MANSUKH MANDAVIYA,Gujarat,152,18th Lok Sabha,"Jun 3, 2029 11:59:59 PM","Jun 4, 2024 12:00:00 AM",
147000000.0,DAVANAGERE,Lok Sabha,2,DR. PRABHA MALLIKARJUN,Karnataka,153,18th Lok Sabha,"Jun 3, 2029 11:59:59 PM","Jun 4, 2024 12:00:00 AM",
147000000.0,BERHAMPUR,Lok Sabha,2,DR. PRADEEP KUMAR PANIGRAHY,Odisha,154,18th Lok Sabha,"Jun 3, 2029 11:59:59 PM","Jun 4, 2024 12:00:00 AM",
159680283.39,BHANDARA-GONDIYA,Lok Sabha,2,DR. PRASHANT YADAORAO PADOLE,Maharashtra,155,18th Lok Sabha,"Jun 3, 2029 11:59:59 PM","Jun 4, 2024 12:00:00 AM",
147000000.0,HOSHIARPUR(SC),Lok Sabha,2,DR. RAJ KUMAR CHABBEWAL,Punjab,156,18th Lok Sabha,"Jun 3, 2029 11:59:59 PM","Jun 4, 2024 12:00:00 AM",
262724510.35,SIDHI,Lok Sabha,2,DR. RAJESH MISHRA,Madhya Pradesh,157,18th Lok Sabha,"Jun 3, 2029 11:59:59 PM","Jun 4, 2024 12:00:00 AM",
147000000.0,PRATAPGARH,Lok Sabha,2,DR. S P SINGH,Uttar Pradesh,158,18th Lok Sabha,"Jun 3, 2029 11:59:59 PM","Jun 4, 2024 12:00:00 AM",
147000000.0,BARDHAMAN PURBA(SC),Lok Sabha,2,DR. SHARMILA SARKAR,West Bengal,159,18th Lok Sabha,"Jun 3, 2029 11:59:59 PM","Jun 4, 2024 12:00:00 AM",
147000000.0,CHIKBALLAPUR,Lok Sabha,2,DR.K.SUDHAKAR,Karnataka,160,18th Lok Sabha,"Jun 3, 2029 11:59:59 PM","Jun 4, 2024 12:00:00 AM",
147000000.0,NAGARKURNOOL(SC),Lok Sabha,2,DR.MALLU RAVI,Telangana,161,18th Lok Sabha,"Jun 3, 2029 11:59:59 PM","Jun 4, 2024 12:00:00 AM",
147000000.0,DHANBAD,Lok Sabha,2,DULU MAHATO,Jharkhand,162,18th Lok Sabha,"Jun 3, 2029 11:59:59 PM","Jun 4, 2024 12:00:00 AM",
147000000.0,TIRUCHIRAPPALLI,Lok Sabha,2,DURAI VAIKO,Tamil Nadu,163,18th Lok Sabha,"Jun 3, 2029 11:59:59 PM","Jun 4, 2024 12:00:00 AM",
151569502.91,BETUL(ST),Lok Sabha,2,Durga Das Uikey ,Madhya Pradesh,164,18th Lok Sabha,"Jun 3, 2029 11:59:59 PM","Jun 4, 2024 12:00:00 AM",
147000000.0,JHALAWAR-BARAN,Lok Sabha,2,Dushyant Singh,Rajasthan,165,18th Lok Sabha,"Jun 3, 2029 11:59:59 PM","Jun 4, 2024 12:00:00 AM",
147000000.0,BELLARY(ST),Lok Sabha,2,E. TUKARAM,Karnataka,166,18th Lok Sabha,"Jun 3, 2029 11:59:59 PM","Jun 4, 2024 12:00:00 AM",
163895872.11,MALAPPURAM,Lok Sabha,2,E.T. MOHAMMED BASHEER,Kerala,167,18th Lok Sabha,"Jun 3, 2029 11:59:59 PM","Jun 4, 2024 12:00:00 AM",
327477390.86,MALKAJGIRI,Lok Sabha,2,EATALA RAJENDER,Telangana,168,18th Lok Sabha,"Jun 3, 2029 11:59:59 PM","Jun 4, 2024 12:00:00 AM",
162315106.11,POLLACHI,Lok Sabha,2,ESWARASAMY K,Tamil Nadu,169,18th Lok Sabha,"Jun 3, 2029 11:59:59 PM","Jun 4, 2024 12:00:00 AM",
151861648.41,MANDLA(ST),Lok Sabha,2,Faggan Singh Kulaste,Madhya Pradesh,170,18th Lok Sabha,"Jun 3, 2029 11:59:59 PM","Jun 4, 2024 12:00:00 AM",
147000000.0,RAICHUR(ST),Lok Sabha,2,G. KUMAR NAIK,Karnataka,171,18th Lok Sabha,"Jun 3, 2029 11:59:59 PM","Jun 4, 2024 12:00:00 AM",
147000000.0,MUMBAI NORTH-CENTRAL,Lok Sabha,2,GAIKWAD VARSHA EKNATH,Maharashtra,172,18th Lok Sabha,"Jun 3, 2029 11:59:59 PM","Jun 4, 2024 12:00:00 AM",
147000000.0,KHARGONE(ST),Lok Sabha,2,Gajendra Singh Patel,Madhya Pradesh,173,18th Lok Sabha,"Jun 3, 2029 11:59:59 PM","Jun 4, 2024 12:00:00 AM",
147000000.0,JODHPUR,Lok Sabha,2,Gajendra Singh Shekhawat,Rajasthan,174,18th Lok Sabha,"Jun 3, 2029 11:59:59 PM","Jun 4, 2024 12:00:00 AM",
147370490.11,COIMBATORE,Lok Sabha,2,GANAPATHY RAJKUMAR P,Tamil Nadu,175,18th Lok Sabha,"Jun 3, 2029 11:59:59 PM","Jun 4, 2024 12:00:00 AM",
186508749.11,KANCHEEPURAM(SC),Lok Sabha,2,Ganesan Selvam,Tamil Nadu,176,18th Lok Sabha,"Jun 3, 2029 11:59:59 PM","Jun 4, 2024 12:00:00 AM",
147000000.0,SATNA,Lok Sabha,2,Ganesh Singh,Madhya Pradesh,177,18th Lok Sabha,"Jun 3, 2029 11:59:59 PM","Jun 4, 2024 12:00:00 AM",
147000000.0,JORHAT,Lok Sabha,2,GAURAV GOGOI,Assam,178,18th Lok Sabha,"Jun 3, 2029 11:59:59 PM","Jun 4, 2024 12:00:00 AM",
147000000.0,BANASKANTHA,Lok Sabha,2,GENIBEN NAGAJI THAKOR,Gujarat,179,18th Lok Sabha,"Jun 3, 2029 11:59:59 PM","Jun 4, 2024 12:00:00 AM",
147000000.0,BANKA,Lok Sabha,2,Giridhari Yadav,Bihar,180,18th Lok Sabha,"Jun 3, 2029 11:59:59 PM","Jun 4, 2024 12:00:00 AM",
147000000.0,BEGUSARAI,Lok Sabha,2,Giriraj Singh,Bihar,181,18th Lok Sabha,"Jun 3, 2029 11:59:59 PM","Jun 4, 2024 12:00:00 AM",
147000000.0,AMALAPURAM(SC),Lok Sabha,2,GM Harish Balayogi,Andhra Pradesh,182,18th Lok Sabha,"Jun 3, 2029 11:59:59 PM","Jun 4, 2024 12:00:00 AM",
147000000.0,ADILABAD(ST),Lok Sabha,2,GODAM NAGESH,Telangana,183,18th Lok Sabha,"Jun 3, 2029 11:59:59 PM","Jun 4, 2024 12:00:00 AM",
147000000.0,KRISHNAGIRI,Lok Sabha,2,GOPINATH K,Tamil Nadu,184,18th Lok Sabha,"Jun 3, 2029 11:59:59 PM","Jun 4, 2024 12:00:00 AM",
147000000.0,CHITRADURGA(SC),Lok Sabha,2,GOVIND MAKTHAPPA KARJOL,Karnataka,185,18th Lok Sabha,"Jun 3, 2029 11:59:59 PM","Jun 4, 2024 12:00:00 AM",
149458905.11,ARAKU(ST),Lok Sabha,2,Gumma Thanuja Rani,Andhra Pradesh,186,18th Lok Sabha,"Jun 3, 2029 11:59:59 PM","Jun 4, 2024 12:00:00 AM",
147000000.0,SANGRUR,Lok Sabha,2,GURMEET SINGH MEET HAYER,Punjab,187,18th Lok Sabha,"Jun 3, 2029 11:59:59 PM","Jun 4, 2024 12:00:00 AM",
155690684.77,KHANDWA,Lok Sabha,2,Gyaneshwar Patil,Madhya Pradesh,188,18th Lok Sabha,"Jun 3, 2029 11:59:59 PM","Jun 4, 2024 12:00:00 AM",
147000000.0,MANDYA,Lok Sabha,2,H.D. KUMARASWAMY,Karnataka,189,18th Lok Sabha,"Jun 3, 2029 11:59:59 PM","Jul 4, 2024 12:00:00 AM",
147000000.0,MUZAFFARNAGAR,Lok Sabha,2,HARENDRA SINGH MALIK,Uttar Pradesh,190,18th Lok Sabha,"Jun 3, 2029 11:59:59 PM","Jun 4, 2024 12:00:00 AM",
147000000.0,MAHESANA,Lok Sabha,2,HARIBHAI PATEL,Gujarat,191,18th Lok Sabha,"Jun 3, 2029 11:59:59 PM","Jun 4, 2024 12:00:00 AM",
147000000.0,TONK-SAWAI MADHOPUR,Lok Sabha,2,HARISH CHANDRA MEENA,Rajasthan,192,18th Lok Sabha,"Jun 3, 2029 11:59:59 PM","Jun 4, 2024 12:00:00 AM",
147134131.0,EAST DELHI,Lok Sabha,2,Harsh Malhotra,Delhi,193,18th Lok Sabha,"Jun 3, 2029 11:59:59 PM","Jun 4, 2024 12:00:00 AM",
147000000.0,AHMEDABAD EAST,Lok Sabha,2,Hasmukh Bhai Soma Bhai Patel,Gujarat,194,18th Lok Sabha,"Jun 3, 2029 11:59:59 PM","Jun 4, 2024 12:00:00 AM",
147000000.0,SAHARANPUR,Lok Sabha,2,IMRAN MASOOD,Uttar Pradesh,195,18th Lok Sabha,"Jun 3, 2029 11:59:59 PM","Jun 4, 2024 12:00:00 AM",
152003923.11,SIKKIM,Lok Sabha,2,Indra Hang Subba,Sikkim,196,18th Lok Sabha,"Jun 3, 2029 11:59:59 PM","Jun 4, 2024 12:00:00 AM",
147000000.0,KAIRANA,Lok Sabha,2,IQRA CHOUDHARY,Uttar Pradesh,197,18th Lok Sabha,"Jun 3, 2029 11:59:59 PM","Jun 4, 2024 12:00:00 AM",
147000000.0,MALDAHA DAKSHIN,Lok Sabha,2,ISHA KHAN CHOUDHURY,West Bengal,198,18th Lok Sabha,"Jun 3, 2029 11:59:59 PM","Jun 4, 2024 12:00:00 AM",
168604641.11,COOCHBEHAR(SC),Lok Sabha,2,JAGADISH CHANDRA BARMA BASUNIA,West Bengal,199,18th Lok Sabha,"Jun 3, 2029 11:59:59 PM","Jun 4, 2024 12:00:00 AM",
147000000.0,BELGAUM,Lok Sabha,2,JAGADISH SHETTAR,Karnataka,200,18th Lok Sabha,"Jun 3, 2029 11:59:59 PM","Jun 4, 2024 12:00:00 AM",
147000000.0,RANAGHAT(SC),Lok Sabha,2,Jagannath Sarkar,West Bengal,201,18th Lok Sabha,"Jun 3, 2029 11:59:59 PM","Jun 4, 2024 12:00:00 AM",
160643957.11,DOMARIYAGANJ,Lok Sabha,2,Jagdambika Pal,Uttar Pradesh,202,18th Lok Sabha,"Jun 3, 2029 11:59:59 PM","Jun 4, 2024 12:00:00 AM",
147000000.0,HISAR,Lok Sabha,2,JAI PARKASH,Haryana,203,18th Lok Sabha,"Jun 3, 2029 11:59:59 PM","Jun 4, 2024 12:00:00 AM",
147000000.0,HARDOI (SC),Lok Sabha,2,Jai Prakash,Uttar Pradesh,204,18th Lok Sabha,"Jun 3, 2029 11:59:59 PM","Jun 4, 2024 12:00:00 AM",
147000000.0,REWA,Lok Sabha,2,Janardan Mishra,Madhya Pradesh,205,18th Lok Sabha,"Jun 3, 2029 11:59:59 PM","Jun 4, 2024 12:00:00 AM",
147000000.0,CHHOTA UDAIPUR(ST),Lok Sabha,2,JASHUBHAI BHILUBHAI RATHVA,Gujarat,206,18th Lok Sabha,"Jun 3, 2029 11:59:59 PM","Jun 4, 2024 12:00:00 AM",
147000000.0,DAHOD(ST),Lok Sabha,2,Jaswantsinh Sumanbhai Bhabhor,Gujarat,207,18th Lok Sabha,"Jun 3, 2029 11:59:59 PM","Jun 4, 2024 12:00:00 AM",
147000000.0,GAYA (SC),Lok Sabha,2,JITAN RAM MANJHI,Bihar,208,18th Lok Sabha,"Jun 3, 2029 11:59:59 PM","Jun 4, 2024 12:00:00 AM",
188747306.26,ETAWAH(SC),Lok Sabha,2,JITENDRA KUMAR DOHARE,Uttar Pradesh,209,18th Lok Sabha,"Jun 3, 2029 11:59:59 PM","Jun 4, 2024 12:00:00 AM",
147000000.0,UDHAMPUR,Lok Sabha,2,Jitendra Singh,Jammu And Kashmir,210,18th Lok Sabha,"Jun 3, 2029 11:59:59 PM","Jun 4, 2024 12:00:00 AM",
147000000.0,PILIBHIT,Lok Sabha,2,JITIN PRASADA,Uttar Pradesh,211,18th Lok Sabha,"Jun 3, 2029 11:59:59 PM","Jun 4, 2024 12:00:00 AM",
147000000.0,SINGHBHUM(ST),Lok Sabha,2,JOBA MAJHI,Jharkhand,212,18th Lok Sabha,"Jun 3, 2029 11:59:59 PM","Jun 4, 2024 12:00:00 AM",
147000000.0,KOKRAJHAR (ST),Lok Sabha,2,JOYANTA BASUMATARY,Assam,213,18th Lok Sabha,"Jun 3, 2029 11:59:59 PM","Jun 4, 2024 12:00:00 AM",
147000000.0,MEDINIPUR,Lok Sabha,2,JUNE MALIAH,West Bengal,214,18th Lok Sabha,"Jun 3, 2029 11:59:59 PM","Jun 4, 2024 12:00:00 AM",
147000000.0,GUNA,Lok Sabha,2,JYOTIRADITYA M. SCINDIA,Madhya Pradesh,215,18th Lok Sabha,"Jun 3, 2029 12:00:00 AM","Jun 4, 2024 12:00:00 AM",
155153738.11,KORBA,Lok Sabha,2,Jyotsna Charandas Mahant ,Chhattisgarh,216,18th Lok Sabha,"Jun 3, 2029 11:59:59 PM","Jun 4, 2024 12:00:00 AM",
147000000.0,ERODE,Lok Sabha,2,K E PRAKASH,Tamil Nadu,217,18th Lok Sabha,"Jun 3, 2029 11:59:59 PM","Jun 4, 2024 12:00:00 AM",
147000000.0,ALATHUR(SC),Lok Sabha,2,K RADHAKRISHNAN,Kerala,218,18th Lok Sabha,"Jun 3, 2029 11:59:59 PM","Jun 4, 2024 12:00:00 AM",
147000000.0,TIRUPPUR,Lok Sabha,2,K Subbarayan,Tamil Nadu,219,18th Lok Sabha,"Jun 3, 2029 11:59:59 PM","Jun 4, 2024 12:00:00 AM",
147000000.0,ALAPPUZHA,Lok Sabha,2,K. C VENUGOPAL,Kerala,220,18th Lok Sabha,"Jun 3, 2029 11:59:59 PM","Jun 4, 2024 12:00:00 AM",
147000000.0,KOPPAL,Lok Sabha,2,K. RAJASHEKAR BASAVARAJ HITNAL,Karnataka,221,18th Lok Sabha,"Jun 3, 2029 11:59:59 PM","Jun 4, 2024 12:00:00 AM",
147000000.0,WARANGEL(SC),Lok Sabha,2,KADIYAM KAVYA,Telangana,222,18th Lok Sabha,"Jun 3, 2029 11:59:59 PM","Jun 4, 2024 12:00:00 AM",
147000000.0,BARASAT,Lok Sabha,2,Kakoli Ghosh Dastidar ,West Bengal,223,18th Lok Sabha,"Jun 3, 2029 11:59:59 PM","Jun 4, 2024 12:00:00 AM",
269500000.0,DADRA & NAGAR HAVELI (ST),Lok Sabha,2,Kalaben Mohanbhai Delkar,The Dadra And Nagar Haveli And Daman And Diu,224,18th Lok Sabha,"Jun 3, 2029 11:59:59 PM","Jun 4, 2024 12:00:00 AM",
171500000.0,CHENNAI NORTH,Lok Sabha,2,Kalanidhi Veeraswamy,Tamil Nadu,225,18th Lok Sabha,"Jun 3, 2029 11:59:59 PM","Jun 4, 2024 12:00:00 AM",
147000000.0,KHUNTI(ST),Lok Sabha,2,KALI CHARAN MUNDA,Jharkhand,226,18th Lok Sabha,"Jun 3, 2029 11:59:59 PM","Jun 4, 2024 12:00:00 AM",
147000000.0,CHATRA,Lok Sabha,2,KALI CHARAN SINGH,Jharkhand,227,18th Lok Sabha,"Jun 3, 2029 11:59:59 PM","Jun 4, 2024 12:00:00 AM",
147000000.0,JHARGRAM(ST),Lok Sabha,2,KALIPADA SAREN,West Bengal,228,18th Lok Sabha,"Jun 3, 2029 11:59:59 PM","Jun 4, 2024 12:00:00 AM",
147000000.0,SREERAMPUR,Lok Sabha,2,Kalyan Banerjee,West Bengal,229,18th Lok Sabha,"Jun 3, 2029 11:59:59 PM","Jun 4, 2024 12:00:00 AM",
147000000.0,JALNA,Lok Sabha,2,KALYAN VAIJINATHRAO KALE,Maharashtra,230,18th Lok Sabha,"Jun 3, 2029 11:59:59 PM","Jun 4, 2024 12:00:00 AM",
147000000.0,Kaziranga,Lok Sabha,2,KAMAKHYA PRASAD TASA,Assam,231,18th Lok Sabha,"Jun 3, 2029 11:59:59 PM","Jun 4, 2024 12:00:00 AM",
147000000.0,WEST DELHI,Lok Sabha,2,Kamaljeet Sehrawat,Delhi,232,18th Lok Sabha,"Jun 3, 2029 11:59:59 PM","Jun 4, 2024 12:00:00 AM",
150384382.11,JANJGIR CHAMPA(SC),Lok Sabha,2,KAMLESH JANGDE,Chhattisgarh,233,18th Lok Sabha,"Jun 3, 2029 11:59:59 PM","Jun 4, 2024 12:00:00 AM",
147000000.0,BANSGAON(SC),Lok Sabha,2,Kamlesh Paswan,Uttar Pradesh,234,18th Lok Sabha,"Jun 3, 2029 11:59:59 PM","Jun 4, 2024 12:00:00 AM",
147000000.0,MANDI,Lok Sabha,2,Kangana Ranaut,Himachal Pradesh,235,18th Lok Sabha,"Jun 3, 2029 11:59:59 PM","Jun 4, 2024 12:00:00 AM",
147000000.0,RAMANATHAPURAM,Lok Sabha,2,Kani K Navas,Tamil Nadu,236,18th Lok Sabha,"Jun 3, 2029 11:59:59 PM","Jun 4, 2024 12:00:00 AM",
147000000.0,THOOTHUKKUDI,Lok Sabha,2,Kanimozhi Karunanidhi,Tamil Nadu,237,18th Lok Sabha,"Jun 3, 2029 11:59:59 PM","Jun 4, 2024 12:00:00 AM",
147000000.0,AMROHA,Lok Sabha,2,KANWAR SINGH TANWAR,Uttar Pradesh,238,18th Lok Sabha,"Jun 3, 2029 12:00:00 AM","Jun 4, 2024 12:00:00 AM",
147000000.0,KAISERGANJ,Lok Sabha,2,KARAN BHUSHAN SINGH,Uttar Pradesh,239,18th Lok Sabha,"Jun 3, 2029 11:59:59 PM","Jun 4, 2024 12:00:00 AM",
202677986.56,RAIGANJ,Lok Sabha,2,KARTICK CHANDRA PAUL,West Bengal,240,18th Lok Sabha,"Jun 3, 2029 11:59:59 PM","Jun 4, 2024 12:00:00 AM",
147000000.0,NALANDA,Lok Sabha,2,Kaushalendra Kumar,Bihar,241,18th Lok Sabha,"Jun 3, 2029 11:59:59 PM","Jun 4, 2024 12:00:00 AM",
147000000.0,MALDAHA UTTAR,Lok Sabha,2,Khagen Murmu,West Bengal,242,18th Lok Sabha,"Jun 3, 2029 11:59:59 PM","Jun 4, 2024 12:00:00 AM",
147000000.0,JANGIPUR,Lok Sabha,2,Khalilur Rahaman ,West Bengal,243,18th Lok Sabha,"Jun 3, 2029 11:59:59 PM","Jun 4, 2024 12:00:00 AM",
171200630.11,SRIKAKULAM,Lok Sabha,2,Kinjarapu Ram Mohan Naidu,Andhra Pradesh,244,18th Lok Sabha,"Jun 3, 2029 11:59:59 PM","Jun 4, 2024 12:00:00 AM",
147000000.0,ARUNACHAL WEST,Lok Sabha,2,Kiren Rijiju,Arunachal Pradesh,245,18th Lok Sabha,"Jun 3, 2029 11:59:59 PM","Jun 4, 2024 12:00:00 AM",
147000000.0,GONDA,Lok Sabha,2,Kirti Vardhan Singh,Uttar Pradesh,246,18th Lok Sabha,"Jun 3, 2029 12:00:00 AM","Jun 4, 2024 12:00:00 AM",
147000000.0,SECUNDERABAD,Lok Sabha,2,Kishan Reddy Gangapuram,Telangana,247,18th Lok Sabha,"Jun 3, 2029 11:59:59 PM","Jun 4, 2024 12:00:00 AM",
171500000.0,AMETHI,Lok Sabha,2,KISHORI LAL,Uttar Pradesh,248,18th Lok Sabha,"Jun 3, 2029 11:59:59 PM","Jun 4, 2024 12:00:00 AM",
233721420.96,CHELVELLA,Lok Sabha,2,KONDA VISHWESHWAR REDDY,Telangana,249,18th Lok Sabha,"Jun 3, 2029 11:59:59 PM","Jun 4, 2024 12:00:00 AM",
147000000.0,UDUPI CHIKMAGALUR,Lok Sabha,2,KOTA SRINIVAS POOJARY,Karnataka,250,18th Lok Sabha,"Jun 3, 2029 11:59:59 PM","Jun 4, 2024 12:00:00 AM",
147000000.0,KARIMGANJ (SC),Lok Sabha,2,Kripanath Mallah,Assam,251,18th Lok Sabha,"Jun 3, 2029 11:59:59 PM","Jun 4, 2024 12:00:00 AM",
147000000.0,FARIDABAD,Lok Sabha,2,Krishan Pal Gurjar,Haryana,252,18th Lok Sabha,"Jun 3, 2029 12:00:00 AM","Jun 4, 2024 12:00:00 AM",
147000000.0,BANDA,Lok Sabha,2,KRISHNA DEVI SHIVSHANKER PATEL,Uttar Pradesh,253,18th Lok Sabha,"Jun 3, 2029 11:59:59 PM","Jun 4, 2024 12:00:00 AM",
167796849.11,BAPATLA,Lok Sabha,2,Krishna Prasad Tenneti,Andhra Pradesh,254,18th Lok Sabha,"Jun 3, 2029 11:59:59 PM","Jun 4, 2024 12:00:00 AM",
147000000.0,TRIPURA EAST(ST),Lok Sabha,2,KRITI DEVI DEBBARMAN,Tripura,255,18th Lok Sabha,"Jun 3, 2029 11:59:59 PM","Jun 4, 2024 12:00:00 AM",
147000000.0,GANGANAGAR(SC),Lok Sabha,2,KULDEEP INDORA,Rajasthan,256,18th Lok Sabha,"Jun 3, 2029 11:59:59 PM","Jun 4, 2024 12:00:00 AM",
162952022.0,NALGONDA,Lok Sabha,2,KUNDURU RAGHUVEER,Telangana,257,18th Lok Sabha,"Jun 3, 2029 11:59:59 PM","Jun 4, 2024 12:00:00 AM",
147000000.0,AMBEDKAR NAGAR,Lok Sabha,2,LALJI VERMA,Uttar Pradesh,258,18th Lok Sabha,"Jun 3, 2029 11:59:59 PM","Jun 4, 2024 12:00:00 AM",
174009663.11,NARASARAOPET,Lok Sabha,2,Lavu Sri Krishna Devarayalu,Andhra Pradesh,259,18th Lok Sabha,"Jun 3, 2029 11:59:59 PM","Jun 4, 2024 12:00:00 AM",
147000000.0,SANT KABIR NAGAR,Lok Sabha,2,LAXMIKANT PAPPU NISHAD,Uttar Pradesh,260,18th Lok Sabha,"Jun 3, 2029 11:59:59 PM","Jun 4, 2024 12:00:00 AM",
147000000.0,SHEOHAR,Lok Sabha,2,LOVELY ANAND,Bihar,261,18th Lok Sabha,"Jun 3, 2029 12:00:00 AM","Jun 4, 2024 12:00:00 AM",
147000000.0,JALORE,Lok Sabha,2,LUMBARAM,Rajasthan,262,18th Lok Sabha,"Jun 3, 2029 11:59:59 PM","Jun 4, 2024 12:00:00 AM",
147065957.11,KOLAR(SC),Lok Sabha,2,M. MALLESH BABU,Karnataka,263,18th Lok Sabha,"Jun 3, 2029 11:59:59 PM","Jun 4, 2024 12:00:00 AM",
147000000.0,CUDDALORE,Lok Sabha,2,M.K. VISHNUPRASAD,Tamil Nadu,264,18th Lok Sabha,"Jun 3, 2029 11:59:59 PM","Jun 4, 2024 12:00:00 AM",
180399007.0,TIRUPATI(SC),Lok Sabha,2,Maddila Gurumoorthy,Andhra Pradesh,265,18th Lok Sabha,"Jun 3, 2029 11:59:59 PM","Jun 4, 2024 12:00:00 AM",
147000000.0,MEDAK,Lok Sabha,2,MADHAVANENI RAGHUNANDAN RAO,Telangana,266,18th Lok Sabha,"Jun 3, 2029 11:59:59 PM","Jun 4, 2024 12:00:00 AM",
147000000.0,ONGOLE,Lok Sabha,2,Magunta Sreenivasulu Reddy,Andhra Pradesh,267,18th Lok Sabha,"Jun 3, 2029 12:00:00 AM","Jun 4, 2024 12:00:00 AM",
147000000.0,DEWAS(SC),Lok Sabha,2,Mahendra Singh Solanky,Madhya Pradesh,268,18th Lok Sabha,"Jun 3, 2029 11:59:59 PM","Jun 4, 2024 12:00:00 AM",
147000000.0,BASTAR(ST),Lok Sabha,2,MAHESH KASHYAP,Chhattisgarh,269,18th Lok Sabha,"Jun 3, 2029 11:59:59 PM","Jun 4, 2024 12:00:00 AM",
148816284.11,GAUTAM BUDDHA NAGAR,Lok Sabha,2,Mahesh Sharma,Uttar Pradesh,270,18th Lok Sabha,"Jun 3, 2029 11:59:59 PM","Jun 4, 2024 12:00:00 AM",
183892143.0,RAJSAMAND,Lok Sabha,2,MAHIMA KUMARI MEWAR,Rajasthan,271,18th Lok Sabha,"Jun 3, 2029 11:59:59 PM","Jun 4, 2024 12:00:00 AM",
147000000.0,TEHRI GARHWAL,Lok Sabha,2,Mala Rajya Laxmi Shah ,Uttarakhand,272,18th Lok Sabha,"Jun 3, 2029 11:59:59 PM","Jun 4, 2024 12:00:00 AM",
147000000.0,KOLKATA DAKSHIN,Lok Sabha,2,Mala Roy ,West Bengal,273,18th Lok Sabha,"Jun 3, 2029 11:59:59 PM","Jun 4, 2024 12:00:00 AM",
201599593.0,KALLAKURICHI,Lok Sabha,2,MALAIYARASAN D,Tamil Nadu,274,18th Lok Sabha,"Jun 3, 2029 11:59:59 PM","Jun 4, 2024 12:00:00 AM",
147000000.0,KALAHANDI,Lok Sabha,2,MALVIKA DEVI,Odisha,275,18th Lok Sabha,"Jun 3, 2029 11:59:59 PM","Jun 4, 2024 12:00:00 AM",
147000000.0,ANANDPUR SAHIB,Lok Sabha,2,MALVINDER SINGH KANG,Punjab,276,18th Lok Sabha,"Jun 3, 2029 11:59:59 PM","Jun 4, 2024 12:00:00 AM",
164515071.11,DHARAMAPURI,Lok Sabha,2,MANI. A.,Tamil Nadu,277,18th Lok Sabha,"Jun 3, 2029 11:59:59 PM","Jun 4, 2024 12:00:00 AM",
147000000.0,VIRUDHUNAGAR,Lok Sabha,2,Manickam Tagore B,Tamil Nadu,278,18th Lok Sabha,"Jun 3, 2029 11:59:59 PM","Jun 4, 2024 12:00:00 AM",
147000000.0,HAZARIBAGH,Lok Sabha,2,MANISH JAISWAL,Jharkhand,279,18th Lok Sabha,"Jun 3, 2029 11:59:59 PM","Jun 4, 2024 12:00:00 AM",
178351443.75,CHANDIGARH,Lok Sabha,2,MANISH TEWARI,Chandigarh,280,18th Lok Sabha,"Jun 3, 2029 11:59:59 PM","Jun 4, 2024 12:00:00 AM",
167082901.11,JAIPUR,Lok Sabha,2,MANJU SHARMA,Rajasthan,281,18th Lok Sabha,"Jun 3, 2029 11:59:59 PM","Jun 4, 2024 12:00:00 AM",
147000000.0,UDAIPUR(ST),Lok Sabha,2,MANNA LAL RAWAT,Rajasthan,282,18th Lok Sabha,"Jun 3, 2029 11:59:59 PM","Jun 4, 2024 12:00:00 AM",
147000000.0,KARNAL,Lok Sabha,2,MANOHAR LAL,Haryana,283,18th Lok Sabha,"Jun 3, 2029 11:59:59 PM","Jun 4, 2024 12:00:00 AM",
147000000.0,SASARAM(SC),Lok Sabha,2,MANOJ KUMAR,Bihar,284,18th Lok Sabha,"Jun 3, 2029 11:59:59 PM","Jun 4, 2024 12:00:00 AM",
147000000.0,ALIPURDUARS(ST),Lok Sabha,2,MANOJ TIGGA,West Bengal,285,18th Lok Sabha,"Jun 3, 2029 11:59:59 PM","Jun 4, 2024 12:00:00 AM",
225843858.0,NORTH EAST DELHI,Lok Sabha,2,Manoj Tiwari,Delhi,286,18th Lok Sabha,"Jun 3, 2029 11:59:59 PM","Jun 4, 2024 12:00:00 AM",
147000000.0,BHARUCH,Lok Sabha,2,Mansukhbhai Dhanjibhai Vasava,Gujarat,287,18th Lok Sabha,"Jun 3, 2029 11:59:59 PM","Jun 4, 2024 12:00:00 AM",
147000000.0,ANANTNAG,Lok Sabha,2,MIAN ALTAF AHMAD,Jammu And Kashmir,288,18th Lok Sabha,"Jun 3, 2029 11:59:59 PM","Jun 4, 2024 12:00:00 AM",
178951477.11,RAJAMPET,Lok Sabha,2,Midhun Reddy,Andhra Pradesh,289,18th Lok Sabha,"Jun 3, 2029 11:59:59 PM","Jun 4, 2024 12:00:00 AM",
147000000.0,PATALIPUTRA,Lok Sabha,2,MISHA BHARTI,Bihar,290,18th Lok Sabha,"Jun 3, 2029 11:59:59 PM","Jun 4, 2024 12:00:00 AM",
147000000.0,ANAND,Lok Sabha,2,Mitesh Rameshbhai Bakabhai Patel,Gujarat,291,18th Lok Sabha,"Jun 3, 2029 11:59:59 PM","Jun 4, 2024 12:00:00 AM",
161114542.0,LADAKH,Lok Sabha,2,Mohamed Haneefa,Ladakh,292,18th Lok Sabha,"Jun 3, 2029 12:00:00 AM","Jun 4, 2024 12:00:00 AM",
147000000.0,RAMPUR,Lok Sabha,2,MOHIBBULLAH,Uttar Pradesh,293,18th Lok Sabha,"Jun 3, 2029 11:59:59 PM","Jun 4, 2024 12:00:00 AM",
195613601.7,MADHA,Lok Sabha,2,MOHITE PATIL DHAIRYASHEEL RAJSINH,Maharashtra,294,18th Lok Sabha,"Jun 3, 2029 11:59:59 PM","Jun 4, 2024 12:00:00 AM",
147000000.0,DARBHANGA,Lok Sabha,2,Mr Gopal Jee Thakur,Bihar,295,18th Lok Sabha,"Jun 3, 2029 11:59:59 PM","Jun 4, 2024 12:00:00 AM",
159865046.0,KRISHNANAGAR,Lok Sabha,2,Ms Mahua Moitra,West Bengal,296,18th Lok Sabha,"Jun 3, 2029 11:59:59 PM","Jun 4, 2024 12:00:00 AM",
153942460.41,LAKSHADWEEP(ST),Lok Sabha,2,MUHAMMED HAMDULLAH SAYEED,Lakshadweep,297,18th Lok Sabha,"Jun 3, 2029 11:59:59 PM","Jun 4, 2024 12:00:00 AM",
147000000.0,FARRUKHABAD,Lok Sabha,2,Mukesh Rajput,Uttar Pradesh,298,18th Lok Sabha,"Jun 3, 2029 11:59:59 PM","Jun 4, 2024 12:00:00 AM",
147000000.0,SURAT,Lok Sabha,2,MUKESHKUMAR CHANDRAKAANT DALAL,Gujarat,299,18th Lok Sabha,"Jun 3, 2029 11:59:59 PM","Jun 4, 2024 12:00:00 AM",
147000000.0,DAUSA(ST),Lok Sabha,2,MURARI LAL MEENA,Rajasthan,300,18th Lok Sabha,"Jun 3, 2029 11:59:59 PM","Jun 4, 2024 12:00:00 AM",
147000000.0,THANJAVUR,Lok Sabha,2,MURASOLI S,Tamil Nadu,301,18th Lok Sabha,"Jun 3, 2029 11:59:59 PM","Jun 4, 2024 12:00:00 AM",
147000000.0,PUNE,Lok Sabha,2,MURLIDHAR MOHOL,Maharashtra,302,18th Lok Sabha,"Jun 3, 2029 11:59:59 PM","Jun 4, 2024 12:00:00 AM",
147563957.11,MAYURBHANJ (ST),Lok Sabha,2,NABA CHARAN MAJHI,Odisha,303,18th Lok Sabha,"Jun 3, 2029 11:59:59 PM","Jun 4, 2024 12:00:00 AM",
147364097.11,DUMKA(ST),Lok Sabha,2,NALIN SOREN,Jharkhand,304,18th Lok Sabha,"Jun 3, 2029 11:59:59 PM","Jun 4, 2024 12:00:00 AM",
147000000.0,JALAUN(SC),Lok Sabha,2,NARAYAN DAS AHIRWAR,Uttar Pradesh,305,18th Lok Sabha,"Jun 3, 2029 11:59:59 PM","Jun 4, 2024 12:00:00 AM",
147000000.0,RATNAGIRI-SINDHUDURG,Lok Sabha,2,NARAYAN TATU RANE,Maharashtra,306,18th Lok Sabha,"Jun 3, 2029 11:59:59 PM","Jun 4, 2024 12:00:00 AM",
147000000.0,FATEHPUR,Lok Sabha,2,NARESH CHANDRA UTTAM PATEL,Uttar Pradesh,307,18th Lok Sabha,"Jun 3, 2029 11:59:59 PM","Jun 4, 2024 12:00:00 AM",
147000000.0,THANE,Lok Sabha,2,NARESH GANPAT MHASKE,Maharashtra,308,18th Lok Sabha,"Jun 3, 2029 11:59:59 PM","Jun 4, 2024 12:00:00 AM",
147000000.0,KURUKSHETRA,Lok Sabha,2,NAVEEN JINDAL,Haryana,309,18th Lok Sabha,"Jun 3, 2029 11:59:59 PM","Jun 4, 2024 12:00:00 AM",
147000000.0,AONLA,Lok Sabha,2,NEERAJ MAURYA,Uttar Pradesh,310,18th Lok Sabha,"Jun 3, 2029 11:59:59 PM","Jun 4, 2024 12:00:00 AM",
147000000.0,AHMEDNAGAR,Lok Sabha,2,NILESH DNYANDEV LANKE,Maharashtra,311,18th Lok Sabha,"Jun 3, 2029 11:59:59 PM","Jun 4, 2024 12:00:00 AM",
147000000.0,BHAVNAGAR,Lok Sabha,2,NIMUBEN JAYANTIBHAI BAMBHANIYA,Gujarat,312,18th Lok Sabha,"Jun 3, 2029 11:59:59 PM","Jun 4, 2024 12:00:00 AM",
147000000.0,GODDA,Lok Sabha,2,Nishikant Dubey,Jharkhand,313,18th Lok Sabha,"Jun 3, 2029 11:59:59 PM","Jun 4, 2024 12:00:00 AM",
168195086.11,NAGPUR,Lok Sabha,2,Nitin Jairam Gadkari,Maharashtra,314,18th Lok Sabha,"Jun 3, 2029 11:59:59 PM","Jun 4, 2024 12:00:00 AM",
147000000.0,UJJARPUR,Lok Sabha,2,Nityanand Rai,Bihar,315,18th Lok Sabha,"Jun 3, 2029 11:59:59 PM","Jun 4, 2024 12:00:00 AM",
163906956.6,KOTA,Lok Sabha,2,Om Birla,Rajasthan,316,18th Lok Sabha,"Jun 3, 2029 11:59:59 PM","Jun 4, 2024 12:00:00 AM",
184758519.11,OSMANABAD,Lok Sabha,2,Omprakash Bhupalsinh Alias Pawan Rajenimbalkar,Maharashtra,317,18th Lok Sabha,"Jun 3, 2029 11:59:59 PM","Jun 4, 2024 12:00:00 AM",
159995711.11,BANGALORE CENTRAL,Lok Sabha,2,P C Mohan,Karnataka,318,18th Lok Sabha,"Jun 3, 2029 12:00:00 AM","Jun 4, 2024 12:00:00 AM",
147000000.0,MAHARAJGANJ_UP,Lok Sabha,2,Pankaj Chowdhary,Uttar Pradesh,319,18th Lok Sabha,"Jun 3, 2029 11:59:59 PM","Jun 4, 2024 12:00:00 AM",
148300157.11,SILCHAR,Lok Sabha,2,PARIMAL SUKLABAIDYA,Assam,320,18th Lok Sabha,"Jun 3, 2029 11:59:59 PM","Jun 4, 2024 12:00:00 AM",
147000000.0,RAJKOT,Lok Sabha,2,PARSHOTTAMBHAI RUPALA,Gujarat,321,18th Lok Sabha,"Jun 3, 2029 11:59:59 PM","Jun 4, 2024 12:00:00 AM",
147000000.0,BARRACKPUR,Lok Sabha,2,PARTHA BHOWMICK,West Bengal,322,18th Lok Sabha,"Jun 3, 2029 11:59:59 PM","Jun 4, 2024 12:00:00 AM",
167541747.11,BAGALKOT,Lok Sabha,2,Parvatagouda Chandanagouda Gaddigoudar,Karnataka,323,18th Lok Sabha,"Jun 3, 2029 11:59:59 PM","Jun 4, 2024 12:00:00 AM",
245063957.0,DAMAN and DIU,Lok Sabha,2,PATEL UMESHBHAI BABUBHAI,The Dadra And Nagar Haveli And Daman And Diu,324,18th Lok Sabha,"Jun 3, 2029 11:59:59 PM","Jun 4, 2024 12:00:00 AM",
147000000.0,BAHARAMPUR,Lok Sabha,2,PATHAN YUSUF,West Bengal,325,18th Lok Sabha,"Jun 3, 2029 11:59:59 PM","Jun 4, 2024 12:00:00 AM",
147000000.0,BARPETA,Lok Sabha,2,PHANI BHUSAN CHOUDHURY,Assam,326,18th Lok Sabha,"Jun 3, 2029 11:59:59 PM","Jun 4, 2024 12:00:00 AM",
147000000.0,MUMBAI NORTH,Lok Sabha,2,Piyush Vedprakash Goyal,Maharashtra,327,18th Lok Sabha,"Jun 3, 2029 11:59:59 PM","Jun 4, 2024 12:00:00 AM",
147000000.0,NELLORE(SC),Lok Sabha,2,PRABHAKAR REDDY VEMIREDDY,Andhra Pradesh,328,18th Lok Sabha,"Jun 3, 2029 11:59:59 PM","Jun 4, 2024 12:00:00 AM",
147000000.0,BARDOLI(ST),Lok Sabha,2,Prabhubhai Nagarbhai Vasava,Gujarat,329,18th Lok Sabha,"Jun 3, 2029 11:59:59 PM","Jun 4, 2024 12:00:00 AM",
147000000.0,LAKHIMPUR,Lok Sabha,2,Pradan Baruah,Assam,330,18th Lok Sabha,"Jun 3, 2029 11:59:59 PM","Jun 4, 2024 12:00:00 AM",
147000000.0,ARARIA,Lok Sabha,2,Pradeep Kumar Singh,Bihar,331,18th Lok Sabha,"Jun 3, 2029 11:59:59 PM","Jun 4, 2024 12:00:00 AM",
147000000.0,BARGARH,Lok Sabha,2,PRADEEP PUROHIT,Odisha,332,18th Lok Sabha,"Jun 3, 2029 11:59:59 PM","Jun 4, 2024 12:00:00 AM",
98000000.0,NOWGONG,Lok Sabha,2,Pradyut Bordoloi,Assam,333,18th Lok Sabha,"Jun 3, 2029 11:59:59 PM","Jun 4, 2024 12:00:00 AM",
147000000.0,DHARWAD,Lok Sabha,2,Pralhad Venkatesh Joshi,Karnataka,334,18th Lok Sabha,"Jun 3, 2029 11:59:59 PM","Jun 4, 2024 12:00:00 AM",
147000000.0,SOLAPUR(SC),Lok Sabha,2,PRANITI SUSHILKUMAR SHINDE,Maharashtra,335,18th Lok Sabha,"Jun 3, 2029 11:59:59 PM","Jun 4, 2024 12:00:00 AM",
147000000.0,HOWRAH,Lok Sabha,2,Prasun Banerjee,West Bengal,336,18th Lok Sabha,"Jun 3, 2029 11:59:59 PM","Jun 4, 2024 12:00:00 AM",
147064254.11,BALASORE,Lok Sabha,2,Pratap Chandra Sarangi,Odisha,337,18th Lok Sabha,"Jun 3, 2029 11:59:59 PM","Jun 4, 2024 12:00:00 AM",
147000000.0,BULDHANA,Lok Sabha,2,Prataprao Jadhav,Maharashtra,338,18th Lok Sabha,"Jun 3, 2029 11:59:59 PM","Jun 4, 2024 12:00:00 AM",
147000000.0,JOYNAGAR(SC),Lok Sabha,2,Pratima Mondal ,West Bengal,339,18th Lok Sabha,"Jun 3, 2029 11:59:59 PM","Jun 4, 2024 12:00:00 AM",
147470276.0,CHANDINI CHOWK,Lok Sabha,2,Praveen Khandelwal,Delhi,340,18th Lok Sabha,"Jun 3, 2029 11:59:59 PM","Jun 4, 2024 12:00:00 AM",
151559884.09,PHULPUR,Lok Sabha,2,PRAVEEN PATEL,Uttar Pradesh,341,18th Lok Sabha,"Jun 3, 2029 11:59:59 PM","Jun 4, 2024 12:00:00 AM",
147000000.0,MACHHLISHAHR(SC),Lok Sabha,2,PRIYA SAROJ,Uttar Pradesh,342,18th Lok Sabha,"Jun 3, 2029 11:59:59 PM","Jun 4, 2024 12:00:00 AM",
122500000.0,WAYANAD,Lok Sabha,2,Priyanka Gandhi Vadra,Kerala,343,18th Lok Sabha,"Jun 3, 2029 11:59:59 PM","Nov 23, 2024 12:00:00 AM",
147000000.0,CHIKKODI,Lok Sabha,2,PRIYANKA SATISH JARKIHOLI,Karnataka,344,18th Lok Sabha,"Jun 3, 2029 12:00:00 AM","Jun 4, 2024 12:00:00 AM",
147000000.0,DUM DUM,Lok Sabha,2,Prof Sougata Ray,West Bengal,345,18th Lok Sabha,"Jun 3, 2029 11:59:59 PM","Jun 4, 2024 12:00:00 AM",
147000000.0,AGRA(SC),Lok Sabha,2,Prof SP Singh Baghel,Uttar Pradesh,346,18th Lok Sabha,"Jun 3, 2029 11:59:59 PM","Jun 4, 2024 12:00:00 AM",
147000000.0,KAUSHAMBI(SC),Lok Sabha,2,PUSHPENDRA SAROJ,Uttar Pradesh,347,18th Lok Sabha,"Jun 3, 2029 11:59:59 PM","Jun 4, 2024 12:00:00 AM",
147000000.0,ELURU,Lok Sabha,2,Putta Mahesh Kumar,Andhra Pradesh,348,18th Lok Sabha,"Jun 3, 2029 11:59:59 PM","Jun 4, 2024 12:00:00 AM",
147000000.0,MOHANLALGANJ(SC),Lok Sabha,2,R.K. CHAUDHARY,Uttar Pradesh,349,18th Lok Sabha,"Jun 3, 2029 11:59:59 PM","Jun 4, 2024 12:00:00 AM",
147064617.11,JAJPUR(SC),Lok Sabha,2,RABINDRA NARAYAN BEHERA,Odisha,350,18th Lok Sabha,"Jun 3, 2029 11:59:59 PM","Jun 4, 2024 12:00:00 AM",
147000000.0,HOOGHLY,Lok Sabha,2,RACHNA BANERJEE,West Bengal,351,18th Lok Sabha,"Jun 3, 2029 12:00:00 AM","Jun 4, 2024 12:00:00 AM",
147000000.0,PURVI CHAMPARAN,Lok Sabha,2,Radha Mohan Singh,Bihar,352,18th Lok Sabha,"Jun 3, 2029 11:59:59 PM","Jun 4, 2024 12:00:00 AM",
147000000.0,GULBARGA(SC),Lok Sabha,2,RADHAKRISHNA,Karnataka,353,18th Lok Sabha,"Jun 3, 2029 11:59:59 PM","Jun 4, 2024 12:00:00 AM",
159706972.09,RAIGARH(ST),Lok Sabha,2,RADHE SHYAM RATHIYA,Chhattisgarh,354,18th Lok Sabha,"Jun 3, 2029 11:59:59 PM","Jun 4, 2024 12:00:00 AM",
147000000.0,RAE BARELI,Lok Sabha,2,RAHUL GANDHI,Uttar Pradesh,355,18th Lok Sabha,"Jun 3, 2029 11:59:59 PM","Jun 4, 2024 12:00:00 AM",
147000000.0,CHURU,Lok Sabha,2,Rahul Kaswan,Rajasthan,356,18th Lok Sabha,"Jun 3, 2029 11:59:59 PM","Jun 4, 2024 12:00:00 AM",
163058785.37,DAMOH,Lok Sabha,2,RAHUL SINGH LODHI,Madhya Pradesh,357,18th Lok Sabha,"Jun 3, 2029 11:59:59 PM","Jun 4, 2024 12:00:00 AM",
147000000.0,MUZAFFARPUR,Lok Sabha,2,RAJ BHUSHAN CHOUDHARY,Bihar,358,18th Lok Sabha,"Jun 3, 2029 11:59:59 PM","Jun 4, 2024 12:00:00 AM",
147000000.0,BANSWARA(ST),Lok Sabha,2,RAJ KUMAR ROAT,Rajasthan,359,18th Lok Sabha,"Jun 3, 2029 11:59:59 PM","Jun 4, 2024 12:00:00 AM",
147000000.0,KARAKAT,Lok Sabha,2,RAJA RAM SINGH,Bihar,360,18th Lok Sabha,"Jun 3, 2029 11:59:59 PM","Jun 4, 2024 12:00:00 AM",
152878682.11,NASHIK,Lok Sabha,2,RAJABHAU,Maharashtra,361,18th Lok Sabha,"Jun 3, 2029 11:59:59 PM","Jun 4, 2024 12:00:00 AM",
179388967.11,KANGRA,Lok Sabha,2,RAJEEV BHARDWAJ,Himachal Pradesh,362,18th Lok Sabha,"Jun 3, 2029 11:59:59 PM","Jun 4, 2024 12:00:00 AM",
147000000.0,GHOSI,Lok Sabha,2,RAJEEV RAI,Uttar Pradesh,363,18th Lok Sabha,"Jun 3, 2029 12:00:00 AM","Jun 4, 2024 12:00:00 AM",
147000000.0,PURNEA,Lok Sabha,2,RAJESH RANJAN ALIAS PAPPU YADAV,Bihar,364,18th Lok Sabha,"Jun 3, 2029 11:59:59 PM","Jun 4, 2024 12:00:00 AM",
147000000.0,KHAGARIA,Lok Sabha,2,RAJESH VERMA,Bihar,365,18th Lok Sabha,"Jun 3, 2029 11:59:59 PM","Jun 4, 2024 12:00:00 AM",
147000000.0,JUNAGADH,Lok Sabha,2,Rajeshbhai Naranbhai Chudasama,Gujarat,366,18th Lok Sabha,"Jun 3, 2029 12:00:00 AM","Jun 4, 2024 12:00:00 AM",
147000000.0,SARAN,Lok Sabha,2,Rajiv Pratap Rudy,Bihar,367,18th Lok Sabha,"Jun 3, 2029 11:59:59 PM","Jun 4, 2024 12:00:00 AM",
147000000.0,MUNGER,Lok Sabha,2,Rajiv Ranjan (Lalan) Singh,Bihar,368,18th Lok Sabha,"Jun 3, 2029 11:59:59 PM","Jun 4, 2024 12:00:00 AM",
147000000.0,FATEHPUR SIKRI,Lok Sabha,2,Rajkumar Chahar ,Uttar Pradesh,369,18th Lok Sabha,"Jun 3, 2029 11:59:59 PM","Jun 4, 2024 12:00:00 AM",
154808797.11,LUCKNOW,Lok Sabha,2,Rajnath Singh,Uttar Pradesh,370,18th Lok Sabha,"Jun 3, 2029 11:59:59 PM","Jun 4, 2024 12:00:00 AM",
147000000.0,PANCHMAHAL,Lok Sabha,2,RAJPALSINH MAHENDRASINH JADAV,Gujarat,371,18th Lok Sabha,"Jun 3, 2029 11:59:59 PM","Jun 4, 2024 12:00:00 AM",
147000000.0,DARJEELING,Lok Sabha,2,Raju Bista,West Bengal,372,18th Lok Sabha,"Jun 3, 2029 11:59:59 PM","Jun 4, 2024 12:00:00 AM",
147000000.0,SITAPUR,Lok Sabha,2,RAKESH RATHOR,Uttar Pradesh,373,18th Lok Sabha,"Jun 3, 2029 11:59:59 PM","Jun 4, 2024 12:00:00 AM",
147000000.0,DHUBRI,Lok Sabha,2,RAKIBUL HUSSAIN,Assam,374,18th Lok Sabha,"Jun 3, 2029 11:59:59 PM","Jun 4, 2024 12:00:00 AM",
204176957.11,BASTI,Lok Sabha,2,RAM PRASAD CHAUDHARY,Uttar Pradesh,375,18th Lok Sabha,"Mar 6, 2029 11:59:59 PM","Apr 6, 2024 12:00:00 AM",
151746878.11,SHRAWASTI,Lok Sabha,2,Ram Shiromani,Uttar Pradesh,376,18th Lok Sabha,"Jun 3, 2029 11:59:59 PM","Jun 4, 2024 12:00:00 AM",
147000000.0,KHAMMAM,Lok Sabha,2,RAMASAHAYAM RAGHURAM REDDY,Telangana,377,18th Lok Sabha,"Jun 3, 2029 11:59:59 PM","Jun 4, 2024 12:00:00 AM",
160056927.07,SALEMPUR,Lok Sabha,2,RAMASHANKAR RAJBHAR,Uttar Pradesh,378,18th Lok Sabha,"Jun 3, 2029 11:59:59 PM","Jun 4, 2024 12:00:00 AM",
151231957.11,SULTANPUR,Lok Sabha,2,RAMBHUAL NISHAD,Uttar Pradesh,379,18th Lok Sabha,"Jun 3, 2029 11:59:59 PM","Jun 4, 2024 12:00:00 AM",
147000000.0,KANPUR,Lok Sabha,2,RAMESH AWASTHI,Uttar Pradesh,380,18th Lok Sabha,"Jun 3, 2029 11:59:59 PM","Jun 4, 2024 12:00:00 AM",
269500000.0,BIJAPUR(SC),Lok Sabha,2,Ramesh Chandappa Jigajinagi,Karnataka,381,18th Lok Sabha,"Jun 3, 2029 11:59:59 PM","Jun 4, 2024 12:00:00 AM",
147000000.0,JHANJHARPUR,Lok Sabha,2,Ramprit Mandal,Bihar,382,18th Lok Sabha,"Jun 3, 2029 11:59:59 PM","Jun 4, 2024 12:00:00 AM",
147559100.0,SOUTH DELHI,Lok Sabha,2,Ramvir Singh Bidhuri,Delhi,383,18th Lok Sabha,"Jun 3, 2029 11:59:59 PM","Jun 4, 2024 12:00:00 AM",
147000000.0,Sonitpur,Lok Sabha,2,RANJIT DUTTA,Assam,384,18th Lok Sabha,"Jun 3, 2029 11:59:59 PM","Jun 4, 2024 12:00:00 AM",
147000000.0,GURGAON,Lok Sabha,2,Rao Inderjit Singh,Haryana,385,18th Lok Sabha,"Jun 3, 2029 11:59:59 PM","Jun 4, 2024 12:00:00 AM",
147000000.0,JAIPUR RURAL,Lok Sabha,2,Rao Rajendra Singh,Rajasthan,386,18th Lok Sabha,"Jun 3, 2029 11:59:59 PM","Jun 4, 2024 12:00:00 AM",
147000000.0,PATNA SAHIB,Lok Sabha,2,Ravi Shankar Prasad,Bihar,387,18th Lok Sabha,"Jun 3, 2029 12:00:00 AM","Jun 4, 2024 12:00:00 AM",
147000000.0,MUMBAI NORTH WEST,Lok Sabha,2,RAVINDRA DATTARAM WAIKAR,Maharashtra,388,18th Lok Sabha,"Jun 3, 2029 11:59:59 PM","Jun 4, 2024 12:00:00 AM",
147000000.0,GORAKHPUR,Lok Sabha,2,Ravindra Shyamnarayan Alias Ravi Kishan Shukla,Uttar Pradesh,389,18th Lok Sabha,"Jun 3, 2029 11:59:59 PM","Jun 4, 2024 12:00:00 AM",
147000000.0,NANDED,Lok Sabha,2,Ravindra Vasantrao Chavan,Maharashtra,390,18th Lok Sabha,"Jun 3, 2029 11:59:59 PM","Nov 28, 2024 12:00:00 AM",
147000000.0,MIZORAM (ST),Lok Sabha,2,RICHARD VANLALHMANGAIHA,Mizoram,391,18th Lok Sabha,"Jun 3, 2029 11:59:59 PM","Jun 4, 2024 12:00:00 AM",
147475440.11,TIRUNELVELI,Lok Sabha,2,ROBERT BRUCE C,Tamil Nadu,392,18th Lok Sabha,"Jun 3, 2029 11:59:59 PM","Jun 4, 2024 12:00:00 AM",
147000000.0,RAJGARH,Lok Sabha,2,Rodmal Nagar ,Madhya Pradesh,393,18th Lok Sabha,"Jun 3, 2029 11:59:59 PM","Jun 4, 2024 12:00:00 AM",
153035414.0,MAHASAMUND,Lok Sabha,2,ROOP KUMARI CHOUDHARY,Chhattisgarh,394,18th Lok Sabha,"Jun 3, 2029 11:59:59 PM","Jun 4, 2024 12:00:00 AM",
147000000.0,MORADABAD,Lok Sabha,2,RUCHI VIRA,Uttar Pradesh,395,18th Lok Sabha,"Jun 3, 2029 11:59:59 PM","Jun 4, 2024 12:00:00 AM",
155013957.11,DHENKANAL,Lok Sabha,2,RUDRA NARAYAN PANY,Odisha,396,18th Lok Sabha,"Jun 3, 2029 11:59:59 PM","Jun 4, 2024 12:00:00 AM",
147000000.0,NAGALAND,Lok Sabha,2,S SUPONGMEREN JAMIR,Nagaland,397,18th Lok Sabha,"Jun 3, 2029 11:59:59 PM","Jun 4, 2024 12:00:00 AM",
147000000.0,MADURAI,Lok Sabha,2,S Venkatesan,Tamil Nadu,398,18th Lok Sabha,"Jun 3, 2029 11:59:59 PM","Jun 4, 2024 12:00:00 AM",
180589332.34,ARAKKONAM,Lok Sabha,2,S. Jagathrakshakan,Tamil Nadu,399,18th Lok Sabha,"Jun 3, 2029 12:00:00 AM","Jun 4, 2024 12:00:00 AM",
147000000.0,DINDIGUL,Lok Sabha,2,SACHITHANANTHAM R,Tamil Nadu,400,18th Lok Sabha,"Jun 3, 2029 11:59:59 PM","Jun 4, 2024 12:00:00 AM",
147000000.0,BIDAR,Lok Sabha,2,SAGAR ESHWAR KHANDRE,Karnataka,401,18th Lok Sabha,"Jun 3, 2029 11:59:59 PM","Jun 4, 2024 12:00:00 AM",
147000000.0,TURA,Lok Sabha,2,SALENG A SANGMA,Meghalaya,402,18th Lok Sabha,"Jun 3, 2029 11:59:59 PM","Jun 4, 2024 12:00:00 AM",
147000000.0,PURI,Lok Sabha,2,SAMBIT PATRA,Odisha,403,18th Lok Sabha,"Jun 3, 2029 11:59:59 PM","Jun 4, 2024 12:00:00 AM",
180420041.4,BALLIA,Lok Sabha,2,SANATAN PANDEY,Uttar Pradesh,404,18th Lok Sabha,"Jun 3, 2029 11:59:59 PM","Jun 4, 2024 12:00:00 AM",
147000000.0,MUMBAI NORTH EAST,Lok Sabha,2,SANJAY DINA PATIL,Maharashtra,405,18th Lok Sabha,"Jun 3, 2029 12:00:00 AM","Jun 4, 2024 12:00:00 AM",
147000000.0,PARBHANI,Lok Sabha,2,Sanjay Haribhau Jadhav,Maharashtra,406,18th Lok Sabha,"Jun 3, 2029 11:59:59 PM","Jun 4, 2024 12:00:00 AM",
147000000.0,PASCHIM CHAMPARAN,Lok Sabha,2,Sanjay Jaiswal,Bihar,407,18th Lok Sabha,"Jun 3, 2029 11:59:59 PM","Jun 4, 2024 12:00:00 AM",
172775317.11,KARIMNAGAR,Lok Sabha,2,Sanjay Kumar Bandi,Telangana,408,18th Lok Sabha,"Jun 3, 2029 11:59:59 PM","Jun 4, 2024 12:00:00 AM",
147064357.11,RANCHI,Lok Sabha,2,Sanjay Seth ,Jharkhand,409,18th Lok Sabha,"Jun 3, 2029 11:59:59 PM","Jun 4, 2024 12:00:00 AM",
185640423.0,YAVATMAL-WASHIM,Lok Sabha,2,Sanjay Uttamrao Deshmukh,Maharashtra,410,18th Lok Sabha,"Jun 3, 2029 12:00:00 AM","Jun 4, 2024 12:00:00 AM",
147000000.0,BHARATPUR(SC),Lok Sabha,2,SANJNA JATAV,Rajasthan,411,18th Lok Sabha,"Jun 3, 2029 11:59:59 PM","Jun 4, 2024 12:00:00 AM",
147000000.0,RAJNANDGAON,Lok Sabha,2,Santosh Pandey,Chhattisgarh,412,18th Lok Sabha,"Jun 3, 2029 11:59:59 PM","Jun 4, 2024 12:00:00 AM",
269500000.0,KORAPUT(ST),Lok Sabha,2,Saptagiri Sankar Ulaka,Odisha,413,18th Lok Sabha,"Jun 3, 2029 11:59:59 PM","Jun 4, 2024 12:00:00 AM",
150850348.15,FARIDKOT(SC),Lok Sabha,2,SARABJEET SINGH KHALSA,Punjab,414,18th Lok Sabha,"Jun 3, 2029 11:59:59 PM","Jun 4, 2024 12:00:00 AM",
171500000.0,TIRUVALLUR(SC),Lok Sabha,2,Sasikanth Senthil,Tamil Nadu,415,18th Lok Sabha,"Jun 3, 2029 11:59:59 PM","Jun 4, 2024 12:00:00 AM",
147000000.0,SONEPAT,Lok Sabha,2,SATPAL BRAHAMCHARI,Haryana,416,18th Lok Sabha,"Jun 3, 2029 11:59:59 PM","Jun 4, 2024 12:00:00 AM",
147000000.0,BISHNUPUR(SC),Lok Sabha,2,Saumitra khan ,West Bengal,417,18th Lok Sabha,"Jun 3, 2029 11:59:59 PM","Jun 4, 2024 12:00:00 AM",
147000000.0,DHAR(ST),Lok Sabha,2,SAVITRI THAKUR,Madhya Pradesh,418,18th Lok Sabha,"Jun 3, 2029 11:59:59 PM","Jun 4, 2024 12:00:00 AM",
147000000.0,JADAVPUR,Lok Sabha,2,SAYANI GHOSH,West Bengal,419,18th Lok Sabha,"Jun 3, 2029 11:59:59 PM","Jun 4, 2024 12:00:00 AM",
147000000.0,SIRSA(SC),Lok Sabha,2,SELJA,Haryana,420,18th Lok Sabha,"Jun 3, 2029 11:59:59 PM","Jun 4, 2024 12:00:00 AM",
147000000.0,SALEM,Lok Sabha,2,SELVAGANAPATHI T M,Tamil Nadu,421,18th Lok Sabha,"Jun 3, 2029 11:59:59 PM","Jun 4, 2024 12:00:00 AM",
147000000.0,NAGAPATTINAM(SC),Lok Sabha,2,SELVARAJ V,Tamil Nadu,422,18th Lok Sabha,"Jun 3, 2029 11:59:59 PM","Jun 4, 2024 12:00:00 AM",
147000000.0,VADAKARA,Lok Sabha,2,SHAFI PARAMBIL,Kerala,423,18th Lok Sabha,"Jun 3, 2029 11:59:59 PM","Jun 5, 2024 12:00:00 AM",
147000000.0,SAMASTIPUR(SC),Lok Sabha,2,SHAMBHAVI,Bihar,424,18th Lok Sabha,"Jun 3, 2029 11:59:59 PM","Jun 4, 2024 12:00:00 AM",
147000000.0,INDORE,Lok Sabha,2,Shankar Lalwani,Madhya Pradesh,425,18th Lok Sabha,"Jun 3, 2029 11:59:59 PM","Jun 4, 2024 12:00:00 AM",
147000000.0,DEORIA,Lok Sabha,2,SHASHANK MANI,Uttar Pradesh,426,18th Lok Sabha,"Jun 3, 2029 11:59:59 PM","Jun 4, 2024 12:00:00 AM",
147000000.0,ASANSOL,Lok Sabha,2,Shatrughan Sinha,West Bengal,427,18th Lok Sabha,"Jun 3, 2029 11:59:59 PM","Jun 4, 2024 12:00:00 AM",
147000000.0,FIROZPUR,Lok Sabha,2,SHER SINGH GHUBAYA,Punjab,428,18th Lok Sabha,"Jun 3, 2029 11:59:59 PM","Jun 4, 2024 12:00:00 AM",
147000000.0,MORENA,Lok Sabha,2,SHIVMANGAL SINGH TOMAR,Madhya Pradesh,429,18th Lok Sabha,"Jun 3, 2029 11:59:59 PM","Jun 4, 2024 12:00:00 AM",
147000000.0,VIDISHA,Lok Sabha,2,SHIVRAJ SINGH CHOUHAN,Madhya Pradesh,430,18th Lok Sabha,"Jun 3, 2029 11:59:59 PM","Jun 4, 2024 12:00:00 AM",
147000000.0,BANGALORE NORTH,Lok Sabha,2,SHOBHA KARANDLAJE,Karnataka,431,18th Lok Sabha,"Jun 3, 2029 12:00:00 AM","Jun 4, 2024 12:00:00 AM",
147000000.0,SABARKANTHA,Lok Sabha,2,SHOBHANABEN MAHENDRASINH BARAIYA,Gujarat,432,18th Lok Sabha,"Jun 3, 2029 11:59:59 PM","Jun 4, 2024 12:00:00 AM",
147000000.0,HASSAN,Lok Sabha,2,SHREYAS. M. PATEL,Karnataka,433,18th Lok Sabha,"Jun 3, 2029 11:59:59 PM","Jun 4, 2024 12:00:00 AM",
147000000.0,BHIWANI MAHENDRAGARH,Lok Sabha,2,Shri  Dharambir Singh,Haryana,434,18th Lok Sabha,"Jun 3, 2029 11:59:59 PM","Jun 4, 2024 12:00:00 AM",
147000000.0,DIAMOND HARBOUR,Lok Sabha,2,Shri Abhishek Banerjee,West Bengal,435,18th Lok Sabha,"Jun 3, 2029 12:00:00 AM","Jun 4, 2024 12:00:00 AM",
147000000.0,FATEHGARH SAHIB(SC),Lok Sabha,2,Shri Amar Singh,Punjab,436,18th Lok Sabha,"Jun 3, 2029 11:59:59 PM","Jun 4, 2024 12:00:00 AM",
147000000.0,GANDHINAGAR,Lok Sabha,2,Shri Amit Shah,Gujarat,437,18th Lok Sabha,"Jun 3, 2029 11:59:59 PM","Jun 4, 2024 12:00:00 AM",
147000000.0,UJJAIN(SC),Lok Sabha,2,Shri Anil Firojiya,Madhya Pradesh,438,18th Lok Sabha,"Jun 3, 2029 11:59:59 PM","Jun 4, 2024 12:00:00 AM",
147000000.0,BIKANER(SC),Lok Sabha,2,Shri Arjun Ram Meghwal,Rajasthan,439,18th Lok Sabha,"Jun 3, 2029 11:59:59 PM","Jun 4, 2024 12:00:00 AM",
147000000.0,SHAHJAHANPUR(SC),Lok Sabha,2,Shri Arun Kumar Sagar ,Uttar Pradesh,440,18th Lok Sabha,"Jun 3, 2029 11:59:59 PM","Jun 4, 2024 12:00:00 AM",
147000000.0,SHIMOGA,Lok Sabha,2,Shri B Y Raghavendra ,Karnataka,441,18th Lok Sabha,"Jun 3, 2029 11:59:59 PM","Jun 4, 2024 12:00:00 AM",
164674770.11,CHALAKUDY,Lok Sabha,2,Shri Benny Behanan,Kerala,442,18th Lok Sabha,"Jun 3, 2029 11:59:59 PM","Jun 4, 2024 12:00:00 AM",
147000000.0,CUTTACK,Lok Sabha,2,Shri Bhartruhari Mahtab,Odisha,443,18th Lok Sabha,"Jun 3, 2029 11:59:59 PM","Jun 4, 2024 12:00:00 AM",
147000000.0,GIRIDIH,Lok Sabha,2,Shri Chandra Prakash Choudhary,Jharkhand,444,18th Lok Sabha,"Jun 3, 2029 12:00:00 AM","Jun 4, 2024 12:00:00 AM",
200747364.0,GHATAL,Lok Sabha,2,Shri Deepak (Dev) Adhikari ,West Bengal,445,18th Lok Sabha,"Jun 3, 2029 11:59:59 PM","Jun 4, 2024 12:00:00 AM",
147000000.0,AMRITSAR,Lok Sabha,2,Shri Gurjeet Singh Aujla,Punjab,446,18th Lok Sabha,"Jun 3, 2029 11:59:59 PM","Jun 4, 2024 12:00:00 AM",
147000000.0,NAGAUR,Lok Sabha,2,Shri Hanuman Beniwal,Rajasthan,447,18th Lok Sabha,"Jun 3, 2029 12:00:00 AM","Jun 4, 2024 12:00:00 AM",
162177260.11,ERNAKULAM,Lok Sabha,2,Shri Hibi Eden,Kerala,448,18th Lok Sabha,"Jun 3, 2029 11:59:59 PM","Jun 4, 2024 12:00:00 AM",
147000000.0,MAHARAJGANJ_BR,Lok Sabha,2,Shri Janardan Singh Sigriwal ,Bihar,449,18th Lok Sabha,"Jun 3, 2029 11:59:59 PM","Jun 4, 2024 12:00:00 AM",
173096756.91,SUNDARGARH (ST),Lok Sabha,2,Shri Jual Oram,Odisha,450,18th Lok Sabha,"Jun 3, 2029 11:59:59 PM","Jun 4, 2024 12:00:00 AM",
147000000.0,JAMMU,Lok Sabha,2,Shri Jugal Kishore Sharma,Jammu And Kashmir,451,18th Lok Sabha,"Jun 3, 2029 11:59:59 PM","Jun 4, 2024 12:00:00 AM",
147000000.0,PURULIA,Lok Sabha,2,Shri Jyotirmay Singh Mahato ,West Bengal,452,18th Lok Sabha,"Jun 3, 2029 11:59:59 PM","Jun 4, 2024 12:00:00 AM",
159049284.11,SIVAGANGA,Lok Sabha,2,Shri Karti P Chidambaram ,Tamil Nadu,453,18th Lok Sabha,"Jun 3, 2029 11:59:59 PM","Jun 4, 2024 12:00:00 AM",
147000000.0,KANNUR,Lok Sabha,2,Shri Kumbakudi Sudhakaran,Kerala,454,18th Lok Sabha,"Jun 3, 2029 11:59:59 PM","Jun 4, 2024 12:00:00 AM",
147000000.0,BANGALORE SOUTH,Lok Sabha,2,Shri LS Tejasvi Surya ,Karnataka,455,18th Lok Sabha,"Jun 3, 2029 11:59:59 PM","Jun 4, 2024 12:00:00 AM",
147000000.0,KOZHIKODE,Lok Sabha,2,Shri M K Raghavan,Kerala,456,18th Lok Sabha,"Jun 3, 2029 11:59:59 PM","Jun 4, 2024 12:00:00 AM",
162070276.11,VARANASI,Lok Sabha,2,Shri Narendra Modi,Uttar Pradesh,457,18th Lok Sabha,"Jun 3, 2029 11:59:59 PM","Jun 4, 2024 12:00:00 AM",
171477994.11,KOLLAM,Lok Sabha,2,Shri NK Premachandran,Kerala,458,18th Lok Sabha,"Jun 3, 2029 11:59:59 PM","Jun 4, 2024 12:00:00 AM",
147000000.0,PALI,Lok Sabha,2,Shri PP Chaudhary,Rajasthan,459,18th Lok Sabha,"Jun 3, 2029 11:59:59 PM","Jun 4, 2024 12:00:00 AM",
156754633.11,KASARAGOD,Lok Sabha,2,Shri Rajmohan Unnithan ,Kerala,460,18th Lok Sabha,"Jun 3, 2029 11:59:59 PM","Jun 4, 2024 12:00:00 AM",
147000000.0,DIBRUGARH,Lok Sabha,2,Shri Sarbananda Sonowal (18LS),Assam,461,18th Lok Sabha,"Jun 3, 2029 11:59:59 PM","Jun 4, 2024 12:00:00 AM",
147000000.0,ALIGARH,Lok Sabha,2,Shri Satish Kumar Gautam ,Uttar Pradesh,462,18th Lok Sabha,"Jun 3, 2029 11:59:59 PM","Jun 4, 2024 12:00:00 AM",
147000000.0,BANGAON(SC),Lok Sabha,2,Shri Shantanu Thakur ,West Bengal,463,18th Lok Sabha,"Jun 3, 2029 11:59:59 PM","Jun 4, 2024 12:00:00 AM",
148988014.83,MANDSOUR,Lok Sabha,2,Shri Sudheer Gupta ,Madhya Pradesh,464,18th Lok Sabha,"Jun 3, 2029 11:59:59 PM","Jun 4, 2024 12:00:00 AM",
172429519.11,MAVELIKKARA(SC),Lok Sabha,2,Shri Suresh Kodikunnil,Kerala,465,18th Lok Sabha,"Jun 3, 2029 11:59:59 PM","Jun 4, 2024 12:00:00 AM",
147000000.0,ARUNACHAL EAST,Lok Sabha,2,Shri Tapir Gao,Arunachal Pradesh,466,18th Lok Sabha,"Jun 3, 2029 11:59:59 PM","Jun 4, 2024 12:00:00 AM",
171500000.0,KANNIYAKUMARI,Lok Sabha,2,Shri vijayakumar Vasanth,Tamil Nadu,467,18th Lok Sabha,"Jun 3, 2029 11:59:59 PM","Jun 4, 2024 12:00:00 AM",
147000000.0,KALYAN,Lok Sabha,2,Shrikant Eknath Shinde,Maharashtra,468,18th Lok Sabha,"Jun 3, 2029 11:59:59 PM","Jun 4, 2024 12:00:00 AM",
147000000.0,SATARA,Lok Sabha,2,SHRIMANT CHH UDAYANRAJE PRATAPSINHAMAHARAJ BHONSLE,Maharashtra,469,18th Lok Sabha,"Jun 3, 2029 11:59:59 PM","Jun 4, 2024 12:00:00 AM",
147000000.0,NORTH GOA,Lok Sabha,2,Shripad Yesso Naik,Goa,470,18th Lok Sabha,"Jun 3, 2029 11:59:59 PM","Jun 4, 2024 12:00:00 AM",
147000000.0,MAVAL,Lok Sabha,2,Shrirang Appa Barne,Maharashtra,471,18th Lok Sabha,"Jun 3, 2029 11:59:59 PM","Jun 4, 2024 12:00:00 AM",
147000000.0,RAMTEK(SC),Lok Sabha,2,Shyamkumar,Maharashtra,472,18th Lok Sabha,"Jun 3, 2029 11:59:59 PM","Jun 4, 2024 12:00:00 AM",
159864032.49,VIJAYAWADA,Lok Sabha,2,Sivanath Kesineni,Andhra Pradesh,473,18th Lok Sabha,"Jun 3, 2029 11:59:59 PM","Jun 4, 2024 12:00:00 AM",
49000000.0,BASIRHAT,Lok Sabha,2,SK NURUL ISLAM,West Bengal,474,18th Lok Sabha,"Jun 3, 2029 11:59:59 PM","Jun 4, 2024 12:00:00 AM",
148107373.11,JALGAON,Lok Sabha,2,SMITA UDAY WAGH,Maharashtra,475,18th Lok Sabha,"Jun 3, 2029 11:59:59 PM","Jun 4, 2024 12:00:00 AM",
147000000.0,MIRZAPUR,Lok Sabha,2,Smt Anupriya Patel,Uttar Pradesh,476,18th Lok Sabha,"Jun 3, 2029 11:59:59 PM","Jun 4, 2024 12:00:00 AM",
147420861.41,BHUBANESWAR,Lok Sabha,2,Smt Aparajita Sarangi,Odisha,477,18th Lok Sabha,"Jun 3, 2029 11:59:59 PM","Jun 4, 2024 12:00:00 AM",
192042469.11,MAINPURI,Lok Sabha,2,Smt Dimple Yadav,Uttar Pradesh,478,18th Lok Sabha,"Jun 3, 2029 11:59:59 PM","Jun 4, 2024 12:00:00 AM",
159775982.39,BHATINDA,Lok Sabha,2,Smt Harsimrat Kaur Badal,Punjab,479,18th Lok Sabha,"Jun 3, 2029 11:59:59 PM","Jun 4, 2024 12:00:00 AM",
147000000.0,MATHURA,Lok Sabha,2,Smt Hema Malini,Uttar Pradesh,480,18th Lok Sabha,"Jun 3, 2029 11:59:59 PM","Jun 4, 2024 12:00:00 AM",
150724861.11,SHAHDOL (ST),Lok Sabha,2,Smt Himadri Singh,Madhya Pradesh,481,18th Lok Sabha,"Jun 3, 2029 11:59:59 PM","Jun 4, 2024 12:00:00 AM",
147000000.0,JAMNAGAR,Lok Sabha,2,Smt Poonamben Hematbhai Maadam,Gujarat,482,18th Lok Sabha,"Jun 3, 2029 11:59:59 PM","Jun 4, 2024 12:00:00 AM",
153112586.11,RAVER,Lok Sabha,2,Smt Raksha Nikhil Khadse,Maharashtra,483,18th Lok Sabha,"Jun 3, 2029 11:59:59 PM","Jun 4, 2024 12:00:00 AM",
147000000.0,KARUR,Lok Sabha,2,Smt S Jothimani,Tamil Nadu,484,18th Lok Sabha,"Jun 3, 2029 11:59:59 PM","Jun 4, 2024 12:00:00 AM",
147000000.0,ULUBERIA,Lok Sabha,2,Smt Sajda Ahmed,West Bengal,485,18th Lok Sabha,"Jun 3, 2029 11:59:59 PM","Jun 4, 2024 12:00:00 AM",
147000000.0,BHIND(SC),Lok Sabha,2,Smt Sandhya Ray,Madhya Pradesh,486,18th Lok Sabha,"Jun 3, 2029 11:59:59 PM","Jun 4, 2024 12:00:00 AM",
147000000.0,BOLANGIR,Lok Sabha,2,Smt Sangeeta Kumari Singh Deo,Odisha,487,18th Lok Sabha,"Jun 3, 2029 11:59:59 PM","Jun 4, 2024 12:00:00 AM",
147000000.0,BIRBHUM,Lok Sabha,2,Smt Satabdi Roy (Banerjee),West Bengal,488,18th Lok Sabha,"Jun 3, 2029 11:59:59 PM","Jun 4, 2024 12:00:00 AM",
147000000.0,BARAMATI,Lok Sabha,2,Smt Supriya Sadanand Sule,Maharashtra,489,18th Lok Sabha,"Jun 3, 2029 11:59:59 PM","Jun 4, 2024 12:00:00 AM",
147000000.0,VAISHALI,Lok Sabha,2,Smt Veena Devi ,Bihar,490,18th Lok Sabha,"Jun 3, 2029 11:59:59 PM","Jun 4, 2024 12:00:00 AM",
164841922.0,VISAKHAPATNAM,Lok Sabha,2,Sribharat MathuKumli,Andhra Pradesh,491,18th Lok Sabha,"Jun 3, 2029 11:59:59 PM","Jun 4, 2024 12:00:00 AM",
147000000.0,ARRAH,Lok Sabha,2,SUDAMA PRASAD,Bihar,492,18th Lok Sabha,"Jun 3, 2029 11:59:59 PM","Jun 4, 2024 12:00:00 AM",
147332315.11,MAYILADUTHURAI,Lok Sabha,2,SUDHA R,Tamil Nadu,493,18th Lok Sabha,"Jun 3, 2029 12:00:00 AM","Jun 4, 2024 12:00:00 AM",
185211956.54,BUXAR,Lok Sabha,2,SUDHAKAR SINGH,Bihar,494,18th Lok Sabha,"Jun 3, 2029 11:59:59 PM","Jun 4, 2024 12:00:00 AM",
147000000.0,KOLKATA UTTAR,Lok Sabha,2,Sudip Bandyopadhyay,West Bengal,495,18th Lok Sabha,"Jun 3, 2029 11:59:59 PM","Jun 4, 2024 12:00:00 AM",
190712424.11,KANDHAMAL,Lok Sabha,2,SUKANTA KUMAR PANIGRAHI,Odisha,496,18th Lok Sabha,"Jun 3, 2029 11:59:59 PM","Jun 4, 2024 12:00:00 AM",
171821957.11,LOHARDAGA(ST),Lok Sabha,2,SUKHDEO BHAGAT,Jharkhand,497,18th Lok Sabha,"Jun 3, 2029 11:59:59 PM","Jun 4, 2024 12:00:00 AM",
147000000.0,GURDASPUR,Lok Sabha,2,SUKHJINDER SINGH RANDHAWA,Punjab,498,18th Lok Sabha,"Jun 3, 2029 11:59:59 PM","Jun 4, 2024 12:00:00 AM",
147000000.0,CHAMARAJANAGAR(SC),Lok Sabha,2,SUNIL BOSE,Karnataka,499,18th Lok Sabha,"Jun 3, 2029 11:59:59 PM","Jun 4, 2024 12:00:00 AM",
147000000.0,RAIGAD,Lok Sabha,2,Sunil Dattatray Tatkare,Maharashtra,500,18th Lok Sabha,"Jun 3, 2029 11:59:59 PM","Jun 4, 2024 12:00:00 AM",
147000000.0,VALMIKI NAGAR,Lok Sabha,2,Sunil Kumar ,Bihar,501,18th Lok Sabha,"Jun 3, 2029 11:59:59 PM","Jun 4, 2024 12:00:00 AM",
155325714.0,JAHANABAD,Lok Sabha,2,SURENDRA PRASAD YADAV,Bihar,502,18th Lok Sabha,"Jun 3, 2029 11:59:59 PM","Jun 4, 2024 12:00:00 AM",
147000000.0,THRISSUR,Lok Sabha,2,SURESH GOPI,Kerala,503,18th Lok Sabha,"Jun 3, 2029 11:59:59 PM","Jun 4, 2024 12:00:00 AM",
153563957.11,SHIMLA (SC),Lok Sabha,2,Suresh Kumar Kashyap,Himachal Pradesh,504,18th Lok Sabha,"Jun 3, 2029 11:59:59 PM","Jun 4, 2024 12:00:00 AM",
147000000.0,ZAHIRABAD,Lok Sabha,2,SURESH KUMAR SHETKAR,Telangana,505,18th Lok Sabha,"Jun 3, 2029 11:59:59 PM","Jun 4, 2024 12:00:00 AM",
147000000.0,UNNAO,Lok Sabha,2,Swami Sachchidanandhari Sakshi ji Maharaj ,Uttar Pradesh,506,18th Lok Sabha,"Jun 3, 2029 11:59:59 PM","Jun 4, 2024 12:00:00 AM",
147000000.0,CHENNAI SOUTH,Lok Sabha,2,T Sumathy (A) Thamizhachi Thangapandian ,Tamil Nadu,507,18th Lok Sabha,"Jun 3, 2029 11:59:59 PM","Jun 4, 2024 12:00:00 AM",
199417886.76,KAKINADA,Lok Sabha,2,TANGELLA UDAY SRINIVAS,Andhra Pradesh,508,18th Lok Sabha,"Jun 3, 2029 11:59:59 PM","Jun 4, 2024 12:00:00 AM",
148198170.11,BARABANKI(SC),Lok Sabha,2,TANUJ PUNIA,Uttar Pradesh,509,18th Lok Sabha,"Jun 3, 2029 11:59:59 PM","Jun 4, 2024 12:00:00 AM",
147000000.0,KATIHAR,Lok Sabha,2,TARIQ ANWAR,Bihar,510,18th Lok Sabha,"Jun 3, 2029 11:59:59 PM","Jun 4, 2024 12:00:00 AM",
196905535.11,SRIPERUMBUDUR,Lok Sabha,2,Thalikkottai Rajuthevar Baalu,Tamil Nadu,511,18th Lok Sabha,"Jun 3, 2029 11:59:59 PM","Jun 4, 2024 12:00:00 AM",
167755939.81,THENI,Lok Sabha,2,THANGA TAMILSELVAN,Tamil Nadu,512,18th Lok Sabha,"Jun 3, 2029 11:59:59 PM","Jun 4, 2024 12:00:00 AM",
168337124.35,ARANI,Lok Sabha,2,THARANIVENTHAN M S,Tamil Nadu,513,18th Lok Sabha,"Jun 3, 2029 11:59:59 PM","Jun 4, 2024 12:00:00 AM",
147000000.0,CHENNAI CENTRAL,Lok Sabha,2,Thiru Dayanidhi Maran,Tamil Nadu,514,18th Lok Sabha,"Jun 3, 2029 11:59:59 PM","Jun 4, 2024 12:00:00 AM",
147000000.0,CHIDAMBARAM(SC),Lok Sabha,2,Thirumaa Valavan Thol,Tamil Nadu,515,18th Lok Sabha,"Jun 3, 2029 11:59:59 PM","Jun 4, 2024 12:00:00 AM",
147000000.0,BILASPUR,Lok Sabha,2,TOKHAN SAHU,Chhattisgarh,516,18th Lok Sabha,"Jun 3, 2029 11:59:59 PM","Jun 4, 2024 12:00:00 AM",
147000000.0,HARDWAR,Lok Sabha,2,TRIVENDRA SINGH RAWAT,Uttarakhand,517,18th Lok Sabha,"Jun 3, 2029 11:59:59 PM","Jun 4, 2024 12:00:00 AM",
147000000.0,ALLAHABAD,Lok Sabha,2,UJJWAL RAMAN SINGH,Uttar Pradesh,518,18th Lok Sabha,"Jun 3, 2029 11:59:59 PM","Jun 4, 2024 12:00:00 AM",
147000000.0,BARMER,Lok Sabha,2,UMMEDA RAM BENIWAL,Rajasthan,519,18th Lok Sabha,"Jun 3, 2029 11:59:59 PM","Jun 4, 2024 12:00:00 AM",
147000000.0,KHERI,Lok Sabha,2,UTKARSH VERMA MADHUR,Uttar Pradesh,520,18th Lok Sabha,"Jun 3, 2029 11:59:59 PM","Jun 4, 2024 12:00:00 AM",
162539930.11,NAMAKKAL,Lok Sabha,2,V S Matheswaran,Tamil Nadu,521,18th Lok Sabha,"Jun 3, 2029 11:59:59 PM","Jun 4, 2024 12:00:00 AM",
147000000.0,TUMKUR,Lok Sabha,2,V. SOMANNA,Karnataka,522,18th Lok Sabha,"Jun 3, 2029 11:59:59 PM","Jun 4, 2024 12:00:00 AM",
209368972.11,Puducherry,Lok Sabha,2,Vaithilingam Ve,Puducherry,523,18th Lok Sabha,"Jun 3, 2029 11:59:59 PM","Jun 4, 2024 12:00:00 AM",
148451721.11,PEDDAPALLE,Lok Sabha,2,VAMSI KRISHNA GADDAM,Telangana,524,18th Lok Sabha,"Jun 3, 2029 11:59:59 PM","Jun 4, 2024 12:00:00 AM",
255454264.0,AMBALA (SC),Lok Sabha,2,VARUN CHAUDHRY,Haryana,525,18th Lok Sabha,"Jun 3, 2029 11:59:59 PM","Jun 4, 2024 12:00:00 AM",
167807990.11,PALAKKAD,Lok Sabha,2,Vellalath Kochukrishnan Nair Sreekandan,Kerala,526,18th Lok Sabha,"Jun 3, 2029 11:59:59 PM","Jun 4, 2024 12:00:00 AM",
147000000.0,DURG,Lok Sabha,2,Vijay Baghel,Chhattisgarh,527,18th Lok Sabha,"Jun 3, 2029 11:59:59 PM","Jun 4, 2024 12:00:00 AM",
148900000.0,KUSHI NAGAR,Lok Sabha,2,Vijay Kumar Dubey,Uttar Pradesh,528,18th Lok Sabha,"Jun 3, 2029 11:59:59 PM","Jun 4, 2024 12:00:00 AM",
147223957.11,RAJMAHAL(ST),Lok Sabha,2,Vijay Kumar Hansdak,Jharkhand,529,18th Lok Sabha,"Jun 3, 2029 11:59:59 PM","Jun 4, 2024 12:00:00 AM",
147000000.0,SIWAN,Lok Sabha,2,VIJAYLAKSHMI DEVI,Bihar,530,18th Lok Sabha,"Jun 3, 2029 11:59:59 PM","Jun 4, 2024 12:00:00 AM",
147000000.0,KACHCHH(SC),Lok Sabha,2,Vinod Chavda,Gujarat,531,18th Lok Sabha,"Jun 3, 2029 11:59:59 PM","Jun 4, 2024 12:00:00 AM",
147000000.0,BHADOHI,Lok Sabha,2,VINOD KUMAR BIND,Uttar Pradesh,532,18th Lok Sabha,"Jun 3, 2029 11:59:59 PM","Jun 4, 2024 12:00:00 AM",
147000000.0,TIKAMGARH(SC),Lok Sabha,2,Virendra Kumar,Madhya Pradesh,533,18th Lok Sabha,"Jun 3, 2029 11:59:59 PM","Jun 4, 2024 12:00:00 AM",
147000000.0,CHANDAULI,Lok Sabha,2,VIRENDRA SINGH,Uttar Pradesh,534,18th Lok Sabha,"Jun 3, 2029 11:59:59 PM","Jun 4, 2024 12:00:00 AM",
147000000.0,SANGLI,Lok Sabha,2,VISHAL,Maharashtra,535,18th Lok Sabha,"Jun 3, 2029 11:59:59 PM","Jun 4, 2024 12:00:00 AM",
158176083.11,PALAMU(SC),Lok Sabha,2,Vishnu Dayal Ram,Jharkhand,536,18th Lok Sabha,"Jun 3, 2029 11:59:59 PM","Jun 4, 2024 12:00:00 AM",
147000000.0,KHAJURAHO,Lok Sabha,2,Vishnu Dutt Sharma,Madhya Pradesh,537,18th Lok Sabha,"Jun 3, 2029 11:59:59 PM","Jun 4, 2024 12:00:00 AM",
147000000.0,UTTARA KANNADA,Lok Sabha,2,VISHWESHWAR HEGDE KAGERI,Karnataka,538,18th Lok Sabha,"Jun 3, 2029 11:59:59 PM","Jun 4, 2024 12:00:00 AM",
147000000.0,NAWADA,Lok Sabha,2,VIVEK THAKUR,Bihar,539,18th Lok Sabha,"Jun 3, 2029 12:00:00 AM","Jun 4, 2024 12:00:00 AM",
156430260.11,KADAPA,Lok Sabha,2,Y S Avinash Reddy,Andhra Pradesh,540,18th Lok Sabha,"Jun 3, 2029 11:59:59 PM","Jun 4, 2024 12:00:00 AM",
147000000.0,MYSORE,Lok Sabha,2,YADUVEER KRISHNADATTA CHAMARAJA WADIYAR,Karnataka,541,18th Lok Sabha,"Jun 4, 2029 11:59:59 PM","Jun 4, 2024 12:00:00 AM",
147876307.0,NORTH WEST DELHI(SC),Lok Sabha,2,Yogendra Chandoliya,Delhi,542,18th Lok Sabha,"Jun 3, 2029 11:59:59 PM","Jun 4, 2024 12:00:00 AM",
147000000.0,SAMBHAL,Lok Sabha,2,ZIA UR REHMAN,Uttar Pradesh,543,18th Lok Sabha,"Jun 3, 2029 11:59:59 PM","Jun 4, 2024 12:00:00 AM",
,,,,,,,,,,83336673298.01004
