CALAMITY_NAME,CONSENTED_AMOUNT,CRT_DT,HOUSE_OF_PARLIAMENT,MP_NAME,Sno,TENURE,TENURE_END_DATE,TENURE_START_DATE,TYPE,Total_Amt
Flood 2025 in Punjab,7067400.0,07-Dec-2025,2,Shri Gurjeet Singh Aujla,1,18th Lok Sabha,"Jun 3, 2029 11:59:59 PM","Jun 4, 2024 12:00:00 AM",National Calamity,
Flood 2025 in Punjab,7500000.0,03-Nov-2025,2,GURMEET SINGH MEET HAYER,2,18th Lok Sabha,"Jun 3, 2029 11:59:59 PM","Jun 4, 2024 12:00:00 AM",National Calamity,
Flood 2025 in Punjab,10000000.0,10-Oct-2025,2,Shri Jual Oram,3,18th Lok Sabha,"Jun 3, 2029 11:59:59 PM","Jun 4, 2024 12:00:00 AM",National Calamity,
Andhra Pradesh rainfall and consequent floods - 2024,1000000.0,26-Mar-2025,2,Krishna Prasad Tenneti,4,18th Lok Sabha,"Jun 3, 2029 11:59:59 PM","Jun 4, 2024 12:00:00 AM",National Calamity,
Meppadi landslides 2024,2500000.0,02-Mar-2025,2,SHAFI PARAMBIL,5,18th Lok Sabha,"Jun 3, 2029 11:59:59 PM","Jun 5, 2024 12:00:00 AM",National Calamity,
Vilangad Landslides 2024,2500000.0,01-Mar-2025,2,SHAFI PARAMBIL,6,18th Lok Sabha,"Jun 3, 2029 11:59:59 PM","Jun 5, 2024 12:00:00 AM",State Calamity,
Meppadi landslides 2024,500000.0,17-Feb-2025,2,DR C N MANJUNATH,7,18th Lok Sabha,"Jun 3, 2029 11:59:59 PM","Jun 4, 2024 12:00:00 AM",National Calamity,
Meppadi landslides 2024,2500000.0,05-Feb-2025,2,Andimuthu Raja,8,18th Lok Sabha,"Jun 3, 2029 11:59:59 PM","Jun 4, 2024 12:00:00 AM",National Calamity,
Wayanad landslides 2024,1000000.0,07-Dec-2024,2,Shri NK Premachandran,9,18th Lok Sabha,"Jun 3, 2029 11:59:59 PM","Jun 4, 2024 12:00:00 AM",State Calamity,
Vilangad Landslides 2024,1000000.0,07-Dec-2024,2,Shri NK Premachandran,10,18th Lok Sabha,"Jun 3, 2029 11:59:59 PM","Jun 4, 2024 12:00:00 AM",State Calamity,
Wayanad landslides 2024,2500000.0,04-Dec-2024,2,K RADHAKRISHNAN,11,18th Lok Sabha,"Jun 3, 2029 11:59:59 PM","Jun 4, 2024 12:00:00 AM",State Calamity,
Natural Calamity Affected Area,2500000.0,03-Sep-2024,2,BIPLAB KUMAR DEB,12,18th Lok Sabha,"Jun 3, 2029 11:59:59 PM","Jun 4, 2024 12:00:00 AM",State Calamity,
,,,,,,,,,,40567400.0
